indicativo,p_max,n_cub,hr,n_gra,n_fog,inso,q_max,nw_55,q_mar,q_med,tm_min,ta_max,ts_min,nt_30,nv_0050,n_des,w_racha,np_100,n_nub,p_sol,nw_91,np_001,ta_min,e,np_300,nv_1000,evap,p_mes,n_llu,n_tor,nt_00,ti_max,n_nie,tm_mes,tm_max,nv_0100,q_min,np_010,fecha,w_med,w_rec
3191E,,15.0,85,0.0,18.0,3.2,912.3(20),,1016.6,900.9,2.5,,5.4,0,0.0,0.0,,5.0,16.0,33.0,,19.0,,75,0.0,13.0,578.0,139.1,17.0,0.0,4,2.8,5.0,5.1,7.7,0.0,884.3(28),16.0,01-01-2001,14.0,
3191E,,10.0,81,0.0,12.0,3.7,917.9(11),,1027.6,910.8,2.7,,7.3,0,2.0,3.0,,3.0,18.0,38.0,,16.0,,73,0.0,4.0,432.0,79.6,14.0,0.0,2,4.6,0.0,5.6,8.3,1.0,896.1(23),7.0,01-01-2002,7.0,
3191E,,8.0,68,0.0,10.0,5.1,918.6(27),13.0,1021.4,904.8,1.0,,10.3,0,1.0,10.0,,1.0,13.0,53.0,3.0,11.0,,57,0.0,3.0,838.0,51.2,8.0,0.0,15,1.0,7.0,4.4,7.6,3.0,887.1(06),7.0,01-01-2003,17.0,
3191E,,8.0,76,0.0,11.0,4.8,912.9(10),,1019.9,904.3,2.2,,6.6,0,0.0,4.0,,0.0,19.0,50.0,,8.0,,73,0.0,2.0,688.0,9.3,6.0,0.0,5,4.0,2.0,5.9,9.6,6.0,893.7(27),3.0,01-01-2004,11.0,
3191E,,1.0,65,0.0,0.0,7.6,921.7(06),,1027.2,910.4,1.1,,5.9,0,0.0,18.0,,0.0,12.0,79.0,,2.0,,59,0.0,0.0,944.0,2.1,0.0,0.0,8,-1.2,2.0,5.3,9.5,0.0,895.8(27),2.0,01-01-2005,10.0,
3191E,,9.0,77,0.0,7.0,4.1,915.0(11),,1020.9,904.2,0.6,,3.8,0,0.0,4.0,,2.0,18.0,43.0,,10.0,,62,0.0,3.0,476.0,38.3,4.0,0.0,9,0.6,7.0,3.6,6.5,0.0,892.6(28),2.0,01-01-2006,10.0,
3191E,,7.0,76,0.0,11.0,4.5,922.6(02),,1026.6,910.0,2.1,,8.6,0,1.0,4.0,,1.0,20.0,47.0,,11.0,,70,0.0,7.0,513.0,14.2,3.0,0.0,6,1.1,3.0,5.4,8.6,2.0,889.3(25),2.0,01-01-2007,9.0,
3191E,,7.0,76,0.0,12.0,5.2,919.3(27),,1023.6,907.9,3.4,,8.0,0,0.0,11.0,,1.0,13.0,53.0,,10.0,,76,0.0,7.0,676.0,23.9,9.0,0.0,6,4.6,1.0,6.8,10.2,1.0,881.8(03),4.0,01-01-2008,8.0,
3191E,,10.0,81,0.0,15.0,3.8,913.0(11),8.0,1016.5,900.1,0.2,,7.7,0,0.0,3.0,,0.0,18.0,39.0,1.0,17.0,,64,0.0,9.0,470.0,38.6,9.0,0.0,19,-1.3,11.0,3.2,6.1,1.0,885.1(25),8.0,01-01-2009,10.0,
3191E,,12.0,80,1.0,11.0,3.0,908.5(15),8.0,1015.4,899.2,0.7,,6.0,0,0.0,2.0,,3.0,17.0,31.0,1.0,19.0,,65,0.0,7.0,528.0,67.5,15.0,0.0,12,-2.1,9.0,3.3,5.8,0.0,883.7(07),7.0,01-01-2010,,253.0
3191E,,11.0,80,0.0,12.0,4.2,913.7(17),1.0,1019.2,903.2,2.0,,6.6,0,1.0,9.0,,4.0,11.0,44.0,0.0,10.0,,72,0.0,7.0,470.0,64.1,7.0,0.0,10,2.0,3.0,4.9,7.8,1.0,885.4(27),8.0,01-01-2011,,
3191E,,4.0,68,0.0,4.0,7.0,920.9(19),4.0,1026.2,909.9,2.5,,7.4,0,0.0,13.0,,0.0,14.0,72.0,0.0,2.0,,65,0.0,0.0,870.0,5.7,1.0,0.0,4,2.8,1.0,6.5,10.5,0.0,896.0(16),2.0,01-01-2012,,
3191E,,11.0,77,0.0,12.0,4.7,921.2(03),13.0,1020.5,904.3,1.6,,5.5,0,0.0,4.0,,1.0,15.0,49.0,1.0,14.0,,65,0.0,7.0,708.0,56.0,10.0,0.0,7,0.7,6.0,4.8,8.0,2.0,868.7(19),9.0,01-01-2013,,
3191E,,14.0,80,0.0,13.0,2.8,912.4(25),8.0,1015.3,900.1,3.2,,7.5,0,0.0,1.0,,5.0,15.0,29.0,1.0,19.0,,74,0.0,8.0,507.0,106.9,15.0,0.0,3,4.1,7.0,5.9,8.7,2.0,880.9(19),15.0,01-01-2014,,
3191E,,4.0,63,0.0,3.0,6.5,925.3(09),9.0,1023.9,907.7,2.5,,7.1,0,0.0,10.0,,1.0,16.0,68.0,1.0,6.0,,58,0.0,3.0,1022.0,35.7,3.0,0.0,8,0.6,4.0,6.0,9.5,0.0,879.0(31),6.0,01-01-2015,11.0,
3191E,,16.0,84,0.0,14.0,3.3,918.7(31),9.0,1021.9,906.1,3.3,,8.7,0,1.0,3.0,,4.0,12.0,34.0,1.0,15.0,,82,0.0,8.0,380.0,67.7,17.0,0.0,4,5.3,0.0,6.1,8.8,1.0,887.1(04),8.0,01-01-2016,,
3191E,,7.0,68,0.0,4.0,5.2,913.3(07),10.0,1022.5,906.0,1.1,,5.5,0,0.0,10.0,,2.0,13.0,54.0,0.0,4.0,,60,0.0,2.0,744.0,26.2,2.0,0.0,10,1.9,4.0,4.7,8.1,1.0,892.6(27),3.0,01-01-2017,,
3191E,,7.0,75,0.0,9.0,5.6,919.6(29),8.0,1023.1,906.9,2.2,,6.2,0,0.0,10.0,,2.0,14.0,58.0,0.0,8.0,,69,0.0,5.0,789.0,46.1,3.0,0.0,9,0.4,5.0,5.7,9.2,1.0,881.8(06),6.0,01-01-2018,,
3191E,,4.0,62,0.0,2.0,6.5,916.5(05),6.0,1020.3,904.8,2.3,,7.0,0,0.0,15.0,,2.0,12.0,68.0,0.0,5.0,,60,0.0,2.0,1075.0,34.7,4.0,0.0,7,1.2,1.0,6.4,10.5,0.0,882.8(31),5.0,01-01-2019,,
3191E,,11.0,77,0.0,9.0,4.4,917.2(03),4.0,1025.8,909.4,3.0,,6.4,0,0.0,8.0,,1.0,12.0,46.0,0.0,14.0,,71,0.0,8.0,647.0,35.7,14.0,0.0,2,4.7,2.0,5.9,8.7,1.0,900.3(21),7.0,01-01-2020,,
3191E,,8.0,74,0.0,8.0,5.0,913.4(17),9.0,1018.2,901.8,1.1,,8.0,0,0.0,7.0,,1.0,16.0,52.0,0.0,13.0,,62,0.0,7.0,639.0,42.9,9.0,1.0,14,-1.0,4.0,4.1,7.1,0.0,886.6(09),8.0,01-01-2021,,
3191E,,4.0,58,0.0,1.0,6.9,918.1(29),4.0,1027.2,910.9,2.8,,9.5,0,0.0,17.0,,0.0,10.0,71.0,0.0,3.0,,56,0.0,0.0,1053.0,8.4,3.0,0.0,4,5.0,0.0,6.7,10.5,1.0,894.0(04),2.0,01-01-2022,5.0,
3191E,,,69,0.0,7.0,6.4,918.0(04),9.0,1023.2,906.8,1.4,,7.2,0,,,,1.0,,66.0,0.0,10.0,,63,0.0,,767.0,22.0,10.0,0.0,12,4.5,1.0,5.1,8.8,,885.6(17),4.0,01-01-2023,9.0,
3191E,,11.0,81,1.0,11.0,4.3,923.0(24),4.0,1023.0,907.5,4.3,,11.8,0,0.0,2.0,,3.0,15.0,44.0,0.0,12.0,,83,0.0,9.0,503.0,66.9,11.0,0.0,3,3.9,0.0,7.2,10.1,1.0,888.2(17),8.0,01-01-2024,,
3191E,,2.0,67,0.0,7.0,6.5,921.5(11),,1021.0,905.5,3.1,,7.5,0,0.0,9.0,,2.0,17.0,61.0,,9.0,,67,0.0,5.0,913.0,52.1,8.0,0.0,5,5.6,3.0,6.9,10.6,0.0,885.8(27),5.0,01-02-2001,13.0,
3191E,,4.0,68,0.0,11.0,6.5,916.9(19),6.0,1023.7,908.1,2.6,,7.4,0,0.0,10.0,,0.0,14.0,61.0,1.0,5.0,,69,0.0,2.0,812.0,10.0,4.0,0.0,6,5.8,0.0,7.0,11.3,2.0,895.1(28),3.0,01-02-2002,10.0,
3191E,,10.0,71,0.0,8.0,4.5,913.5(28),,1019.1,902.9,0.9,,4.4,0,0.0,5.0,,3.0,13.0,43.0,,9.0,,61,0.0,3.0,454.0,63.4,9.0,0.0,10,-1.2,2.0,4.4,7.9,2.0,889.0(19),7.0,01-02-2003,11.0,
3191E,,7.0,73,0.0,10.0,5.3,920.2(04),2.0,1019.8,904.3,2.5,,9.0,0,0.0,9.0,,5.0,13.0,50.0,0.0,9.0,,70,0.0,3.0,675.0,79.8,2.0,0.0,11,2.9,8.0,6.2,10.0,1.0,880.7(21),6.0,01-02-2004,9.0,
3191E,,5.0,66,0.0,3.0,6.9,921.1(10),9.0,1019.6,902.7,-1.0,,5.2,0,0.0,12.0,,3.0,11.0,65.0,1.0,7.0,,50,0.0,2.0,680.0,47.8,0.0,0.0,17,-0.2,8.0,3.1,7.2,0.0,885.7(22),5.0,01-02-2005,14.0,
3191E,,3.0,64,0.0,3.0,6.3,909.8(07),4.0,1015.2,899.7,1.6,,6.4,0,0.0,11.0,,2.0,14.0,60.0,0.0,7.0,,57,0.0,1.0,734.0,40.6,2.0,0.0,8,2.3,7.0,5.4,9.2,0.0,882.8(26),4.0,01-02-2006,11.0,
3191E,,8.0,73,0.0,6.0,4.6,912.3(27),,1017.8,903.0,3.7,,6.9,0,0.0,2.0,,1.0,18.0,43.0,,18.0,,74,0.0,4.0,643.0,34.9,19.0,1.0,0,4.4,0.0,7.2,10.6,0.0,890.2(16),7.0,01-02-2007,14.0,
3191E,,10.0,76,0.0,6.0,4.6,916.6(06),1.0,1024.3,908.8,4.4,,7.2,0,0.0,6.0,,1.0,13.0,43.0,0.0,12.0,,80,0.0,4.0,609.0,50.6,13.0,0.0,0,5.9,1.0,7.6,10.9,0.0,893.9(03),7.0,01-02-2008,6.0,175.0
3191E,,6.0,67,0.0,6.0,6.5,913.1(22),,1014.8,899.8,2.1,,6.2,0,0.0,12.0,,2.0,10.0,60.0,,7.0,,62,0.0,3.0,798.0,48.2,3.0,0.0,6,1.4,5.0,6.3,10.4,0.0,873.5(02),5.0,01-02-2009,8.0,
3191E,,13.0,75,0.0,10.0,4.4,908.0(02),8.0,1008.0,892.9,0.9,,5.1,0,0.0,2.0,,2.0,13.0,41.0,1.0,19.0,,64,0.0,6.0,374.0,94.3,14.0,0.0,11,1.6,7.0,4.3,7.5,1.0,876.3(17),14.0,01-02-2010,,310.0
3191E,,4.0,64,0.0,5.0,7.1,918.2(04),,1020.2,905.1,3.4,,8.8,0,0.0,6.0,,1.0,18.0,66.0,,8.0,,65,0.0,3.0,967.0,34.1,7.0,0.0,3,3.9,4.0,7.5,11.6,0.0,879.7(17),5.0,01-02-2011,,
3191E,,0.0,50,0.0,3.0,8.2,913.3(04),11.0,1024.0,907.4,0.0,,8.3,0,0.0,13.0,,0.0,16.0,77.0,2.0,3.0,,44,0.0,0.0,1029.0,4.8,2.0,0.0,17,-0.6,4.0,4.8,9.6,0.0,895.2(02),1.0,01-02-2012,,
3191E,,11.0,71,0.0,4.0,4.9,914.3(04),14.0,1018.1,902.0,1.4,,5.2,0,0.0,3.0,,0.0,14.0,46.0,0.0,14.0,,61,0.0,3.0,642.0,23.3,7.0,0.0,9,1.4,10.0,4.5,7.7,0.0,885.2(22),9.0,01-02-2013,,
3191E,,12.0,79,0.0,12.0,3.9,911.6(26),13.0,1016.2,900.4,1.3,,6.9,0,0.0,1.0,,5.0,15.0,37.0,1.0,19.0,,67,0.0,9.0,470.0,95.5,15.0,0.0,8,1.5,8.0,4.7,8.0,1.0,879.1(10),14.0,01-02-2014,,
3191E,,10.0,67,0.0,2.0,5.3,914.9(18),13.0,1019.0,902.8,1.0,,6.6,0,0.0,3.0,,1.0,15.0,49.0,2.0,10.0,,57,0.0,1.0,576.0,23.3,7.0,0.0,9,0.2,8.0,4.5,8.0,1.0,882.3(04),4.0,01-02-2015,,
3191E,,10.0,67,0.0,6.0,5.8,919.1(04),15.0,1019.0,903.5,2.6,,8.7,0,0.0,7.0,,2.0,12.0,54.0,1.0,9.0,,66,0.0,4.0,867.0,44.6,8.0,0.0,6,4.6,3.0,6.3,9.9,0.0,879.1(27),6.0,01-02-2016,,
3191E,,11.0,73,0.0,5.0,4.6,915.5(16),,1018.8,903.8,3.7,,7.8,0,0.0,5.0,,1.0,12.0,43.0,,10.0,,75,0.0,3.0,711.0,71.6,9.0,0.0,2,3.3,3.0,7.2,10.7,0.0,886.5(13),8.0,01-02-2017,,
3191E,,8.0,64,0.0,5.0,5.8,910.2(15),8.0,1014.5,898.8,0.1,,5.2,0,0.0,5.0,,2.0,15.0,54.0,0.0,7.0,,55,1.0,3.0,698.0,66.2,3.0,0.0,14,1.0,4.0,4.0,7.9,0.0,878.1(28),4.0,01-02-2018,,
3191E,,0.0,58,0.0,2.0,8.3,916.5(24),3.0,1024.2,908.9,3.8,,8.8,0,0.0,14.0,,0.0,14.0,78.0,0.0,2.0,,62,0.0,1.0,1031.0,2.2,0.0,0.0,3,5.7,2.0,8.4,12.9,0.0,878.0(01),1.0,01-02-2019,,
3191E,,,71,0.0,10.0,6.3,919.0(23),1.0,1025.7,910.8,5.2,,10.6,0,,,,0.0,,58.0,0.0,6.0,,82,0.0,,547.0,1.1,4.0,0.0,0,7.1,0.0,9.2,13.2,,897.5(29),0.0,01-02-2020,,
3191E,,12.0,75,0.0,6.0,4.5,917.6(23),4.0,1017.6,903.1,4.8,,8.2,0,0.0,0.0,,1.0,16.0,42.0,0.0,9.0,,79,0.0,5.0,622.0,65.3,9.0,1.0,0,6.2,0.0,8.1,11.3,0.0,887.6(09),8.0,01-02-2021,,
3191E,,5.0,57,0.0,1.0,6.7,915.4(08),,1024.3,909.3,4.6,,7.7,0,0.0,8.0,,0.0,15.0,63.0,,4.0,,65,0.0,0.0,1061.0,13.1,4.0,0.0,0,6.5,0.0,9.1,13.6,0.0,900.6(14),2.0,01-02-2022,6.0,
3191E,,1.0,55,0.0,1.0,7.0,919.0(10),5.0,1024.4,908.4,2.3,,9.3,0,0.0,10.0,,0.0,17.0,66.0,0.0,2.0,,53,0.0,0.0,1085.0,0.7,1.0,0.0,8,3.5,3.0,6.3,10.3,0.0,890.7(25),0.0,01-02-2023,,
3191E,,10.0,69,0.0,5.0,5.5,919.9(01),10.0,1019.8,905.3,4.9,,9.8,0,0.0,2.0,,2.0,17.0,51.0,0.0,10.0,,78,0.0,3.0,953.0,44.0,10.0,0.0,0,6.7,1.0,8.5,11.9,2.0,876.2(09),7.0,01-02-2024,,
3191E,,15.0,77,2.0,16.0,4.5,908.5(13),,1011.8,898.6,5.4,,10.2,0,0.0,2.0,,3.0,14.0,37.0,,20.0,,92,0.0,9.0,792.0,85.2,21.0,2.0,1,4.0,1.0,9.3,13.2,2.0,877.7(02),12.0,01-03-2001,17.0,
3191E,,13.0,67,1.0,9.0,5.4,915.1(21),5.0,1016.2,902.2,4.9,,13.5,0,0.0,7.0,,2.0,11.0,45.0,0.0,11.0,,75,0.0,4.0,1183.0,54.2,10.0,0.0,3,3.4,2.0,8.9,12.9,2.0,890.5(14),8.0,01-03-2002,11.0,
3191E,,10.0,61,1.0,4.0,6.4,913.3(16),3.0,1019.6,905.7,5.9,,12.9,0,0.0,7.0,,5.0,14.0,54.0,0.0,9.0,,76,0.0,3.0,1295.0,106.2,10.0,1.0,0,7.7,0.0,10.2,14.4,0.0,891.7(30),7.0,01-03-2003,10.0,
3191E,,8.0,66,1.0,6.0,5.1,916.1(19),4.0,1020.2,905.0,2.8,,8.2,0,0.0,4.0,,3.0,19.0,43.0,0.0,13.0,,68,0.0,2.0,1048.0,65.7,11.0,0.0,7,3.2,2.0,7.0,11.0,0.0,889.1(29),6.0,01-03-2004,14.0,
3191E,,3.0,61,0.0,2.0,7.1,916.1(17),,1017.2,902.9,3.7,,10.0,0,0.0,5.0,,1.0,23.0,60.0,,7.0,,72,0.0,2.0,954.0,18.9,6.0,0.0,8,3.0,1.0,8.4,13.1,0.0,890.6(01),3.0,01-03-2005,12.0,
3191E,,11.0,67,1.0,6.0,5.8,911.8(06),,1014.9,901.1,4.9,,9.7,0,0.0,2.0,,3.0,18.0,48.0,,11.0,,78,0.0,4.0,949.0,73.8,10.0,0.0,4,4.0,1.0,9.0,13.0,1.0,884.1(05),7.0,01-03-2006,13.0,
3191E,,2.0,56,1.0,3.0,7.2,918.4(10),9.0,1019.2,904.5,3.1,,7.3,0,0.0,4.0,,3.0,25.0,60.0,1.0,6.0,,61,0.0,3.0,1120.0,40.9,4.0,0.0,5,4.3,4.0,7.9,12.6,0.0,893.7(19),4.0,01-03-2007,15.0,
3191E,,3.0,58,1.0,0.0,7.8,912.2(01),13.0,1015.2,901.3,3.7,,10.3,0,0.0,5.0,,0.0,23.0,65.0,1.0,7.0,,69,0.0,0.0,1405.0,3.2,6.0,0.0,5,5.6,1.0,8.8,13.9,0.0,881.4(22),1.0,01-03-2008,13.0,318.0
3191E,,3.0,51,2.0,2.0,8.0,911.7(17),7.0,1014.9,901.7,5.2,,11.6,0,0.0,15.0,,0.0,13.0,66.0,1.0,6.0,,64,0.0,1.0,1613.0,12.9,4.0,0.0,1,5.3,1.0,10.4,15.5,0.0,881.6(05),3.0,01-03-2009,11.0,
3191E,,9.0,66,1.0,2.0,5.5,912.1(17),8.0,1016.7,901.8,2.8,,10.0,0,0.0,4.0,,1.0,18.0,46.0,0.0,10.0,,67,0.0,2.0,817.0,53.7,9.0,0.0,8,2.0,3.0,6.7,10.6,0.0,891.7(03),9.0,01-03-2010,,
3191E,,12.0,72,0.0,4.0,4.8,913.7(31),4.0,1017.8,903.1,3.7,,7.8,0,0.0,4.0,,3.0,15.0,40.0,0.0,15.0,,76,0.0,3.0,827.0,76.8,14.0,2.0,5,1.4,2.0,7.7,11.6,0.0,887.0(14),10.0,01-03-2011,,268.0
3191E,,7.0,49,0.0,1.0,8.2,917.0(10),1.0,1022.9,908.7,5.1,,12.0,0,0.0,8.0,,1.0,16.0,68.0,0.0,3.0,,61,0.0,0.0,1793.0,19.8,2.0,0.0,2,4.8,2.0,10.2,15.2,0.0,896.3(31),2.0,01-03-2012,,
3191E,,18.0,78,2.0,9.0,4.5,903.5(20),9.0,1007.4,893.4,3.4,,7.1,0,0.0,0.0,,6.0,13.0,38.0,0.0,23.0,,78,0.0,7.0,446.0,146.9,19.0,0.0,4,3.4,2.0,6.7,10.0,1.0,883.8(05),21.0,01-03-2013,,
3191E,,8.0,59,0.0,3.0,6.9,913.0(15),7.0,1016.9,903.0,4.9,,10.5,0,0.0,10.0,,1.0,13.0,59.0,3.0,11.0,,70,0.0,1.0,1249.0,41.7,9.0,0.0,2,7.4,2.0,9.3,13.7,1.0,889.3(01),6.0,01-03-2014,,
3191E,,10.0,57,0.0,4.0,6.8,917.1(04),8.0,1019.6,905.6,5.3,,13.0,0,0.0,7.0,,1.0,14.0,57.0,0.0,7.0,,71,0.0,1.0,1506.0,38.0,6.0,0.0,2,4.9,2.0,9.9,14.4,0.0,888.6(24),5.0,01-03-2015,,
3191E,,6.0,60,1.0,3.0,7.7,911.3(01),9.0,1015.5,900.9,2.5,,7.1,0,0.0,3.0,,1.0,22.0,65.0,0.0,13.0,,62,0.0,2.0,1074.0,52.2,10.0,1.0,5,7.0,3.0,7.1,11.7,0.0,889.4(04),8.0,01-03-2016,,
3191E,,9.0,62,0.0,4.0,7.1,913.9(09),7.0,1018.1,904.4,5.5,,13.2,0,0.0,7.0,,0.0,15.0,59.0,1.0,10.0,,76,0.0,4.0,1239.0,21.1,7.0,0.0,4,3.1,3.0,10.3,15.0,0.0,886.9(03),5.0,01-03-2017,,215.0
3191E,,14.0,73,1.0,12.0,5.3,910.5(27),11.0,1008.0,893.8,2.4,,8.5,0,0.0,1.0,,6.0,16.0,44.0,0.0,23.0,,70,2.0,8.0,994.0,196.2,18.0,0.0,5,6.2,4.0,6.1,9.7,0.0,871.4(01),16.0,01-03-2018,,
3191E,,2.0,48,0.0,1.0,9.4,916.3(09),3.0,1021.6,907.6,5.0,,10.5,0,0.0,15.0,,1.0,14.0,79.0,0.0,3.0,,61,0.0,0.0,1661.0,16.3,3.0,0.0,0,9.2,0.0,10.4,15.7,0.0,888.5(06),2.0,01-03-2019,,
3191E,,,69,0.0,2.0,5.3,912.7(10),7.0,1016.3,902.3,5.2,,14.2,0,,,,2.0,,44.0,0.0,13.0,,81,0.0,,1002.0,78.4,9.0,1.0,2,7.0,4.0,9.2,13.2,,887.1(02),9.0,01-03-2020,,
3191E,,9.0,57,1.0,2.0,7.2,913.8(03),2.0,1021.2,906.8,4.8,,10.7,0,0.0,11.0,,0.0,11.0,60.0,0.0,3.0,,67,0.0,0.0,1198.0,2.5,2.0,0.0,2,6.8,0.0,9.3,13.9,0.0,896.8(19),1.0,01-03-2021,,
3191E,,18.0,74,0.0,3.0,2.8,911.0(01),1.0,1016.8,902.2,4.6,,9.4,0,0.0,1.0,,2.0,12.0,24.0,0.0,22.0,,78,0.0,2.0,779.0,108.6,20.0,1.0,0,7.7,2.0,7.8,10.9,0.0,889.6(30),15.0,01-03-2022,,
3191E,,5.0,56,0.0,3.0,8.5,910.2(28),3.0,1017.2,903.8,5.8,,11.3,0,0.0,5.0,,1.0,21.0,71.0,0.0,4.0,,73,0.0,3.0,1345.0,19.8,6.0,0.0,4,4.6,0.0,10.7,15.5,0.0,895.4(07),2.0,01-03-2023,10.0,
3191E,,11.0,72,1.0,10.0,5.4,911.3(16),8.0,1010.2,896.9,5.1,,13.7,0,0.0,3.0,,6.0,17.0,45.0,0.0,15.0,,86,0.0,7.0,802.0,107.1,14.0,0.0,2,5.1,2.0,9.0,12.9,0.0,879.9(26),12.0,01-03-2024,,
3191E,,5.0,51,0.0,2.0,9.3,912.9(09),,1016.2,903.3,5.2,,10.4,0,0.0,9.0,,0.0,16.0,70.0,,4.0,,72,0.0,0.0,1711.0,10.5,5.0,0.0,1,10.8,0.0,11.0,16.8,0.0,891.4(30),2.0,01-04-2001,14.0,
3191E,,6.0,54,0.0,1.0,8.1,915.0(22),,1012.0,899.6,6.7,,14.6,0,0.0,5.0,,2.0,19.0,60.0,,8.0,,75,0.0,0.0,1630.0,56.5,9.0,0.0,0,7.2,1.0,11.5,16.3,0.0,877.3(11),6.0,01-04-2002,10.0,
3191E,,6.0,66,0.0,3.0,6.7,909.7(17),,1012.9,900.0,6.2,,11.5,0,0.0,4.0,,1.0,20.0,51.0,,15.0,,86,0.0,3.0,1195.0,42.3,16.0,1.0,2,9.5,0.0,10.7,15.3,0.0,889.3(20),9.0,01-04-2003,13.0,
3191E,,3.0,61,0.0,5.0,8.2,913.5(03),6.0,1013.1,899.9,4.6,,11.2,0,0.0,6.0,,1.0,21.0,61.0,0.0,10.0,,78,0.0,3.0,1430.0,38.6,10.0,2.0,3,5.3,1.0,9.6,14.5,0.0,887.4(30),7.0,01-04-2004,13.0,
3191E,,5.0,62,0.0,1.0,8.5,912.3(05),,1015.0,902.2,6.1,,13.3,0,0.0,6.0,,1.0,19.0,63.0,,7.0,,85,0.0,1.0,1250.0,27.6,10.0,0.0,1,7.2,0.0,11.0,15.9,0.0,892.6(14),5.0,01-04-2005,14.0,
3191E,,8.0,62,2.0,4.0,8.1,908.5(11),1.0,1012.9,900.7,7.3,,12.9,0,0.0,7.0,,3.0,15.0,61.0,0.0,8.0,,90,0.0,3.0,1170.0,46.9,6.0,1.0,1,11.3,0.0,12.1,16.9,0.0,893.5(04),6.0,01-04-2006,12.0,282.0
3191E,,10.0,67,2.0,4.0,5.9,909.5(23),6.0,1014.7,901.7,6.6,,11.9,0,0.0,3.0,,3.0,17.0,44.0,0.0,17.0,,88,1.0,3.0,1012.0,86.6,17.0,6.0,1,7.9,1.0,10.8,14.9,0.0,893.5(01),12.0,01-04-2007,11.0,
3191E,,6.0,61,5.0,3.0,7.6,914.0(25),,1011.4,899.0,6.7,,13.3,0,0.0,5.0,,6.0,19.0,57.0,,11.0,,82,1.0,2.0,1291.0,162.7,8.0,3.0,0,7.7,0.0,11.4,16.0,0.0,877.6(18),11.0,01-04-2008,13.0,
3191E,,5.0,55,1.0,4.0,8.5,909.1(21),,1012.9,899.8,4.6,,11.6,0,0.0,2.0,,0.0,23.0,64.0,,10.0,,68,0.0,1.0,1366.0,34.8,9.0,1.0,0,9.2,1.0,10.0,15.4,0.0,889.7(10),6.0,01-04-2009,12.0,
3191E,,5.0,63,2.0,3.0,7.7,911.9(26),2.0,1014.9,902.4,7.5,,14.8,0,0.0,5.0,,2.0,20.0,58.0,0.0,10.0,,92,0.0,1.0,1124.0,66.5,10.0,3.0,0,8.0,0.0,11.9,16.3,0.0,892.3(12),8.0,01-04-2010,,
3191E,,8.0,61,0.0,2.0,8.1,914.2(07),3.0,1013.6,902.0,9.6,,15.3,0,0.0,10.0,,5.0,12.0,61.0,0.0,11.0,,99,1.0,2.0,1404.0,92.8,12.0,5.0,0,11.7,0.0,14.3,18.9,0.0,888.5(29),8.0,01-04-2011,,232.0
3191E,,14.0,70,2.0,9.0,5.8,904.9(16),9.0,1009.1,895.7,4.5,,9.4,0,0.0,2.0,,3.0,14.0,43.0,0.0,19.0,,78,0.0,3.0,909.0,83.9,16.0,0.0,2,6.3,3.0,8.5,12.6,1.0,889.1(14),12.0,01-04-2012,,
3191E,,12.0,62,0.0,5.0,7.5,909.4(19),5.0,1014.0,900.8,5.3,,14.5,0,0.0,6.0,,1.0,12.0,56.0,0.0,7.0,,79,0.0,4.0,1173.0,36.2,7.0,0.0,3,7.1,2.0,9.9,14.5,0.0,885.9(01),6.0,01-04-2013,,
3191E,,6.0,61,0.0,3.0,8.8,908.3(09),,1012.8,901.2,9.0,,14.8,0,0.0,3.0,,1.0,21.0,66.0,,10.0,,98,0.0,3.0,1363.0,29.7,10.0,0.0,0,10.8,0.0,13.8,18.7,0.0,886.8(02),4.0,01-04-2014,,
3191E,,10.0,60,0.0,2.0,8.0,913.7(01),2.0,1017.4,904.7,7.4,,11.0,0,0.0,3.0,,2.0,17.0,60.0,0.0,7.0,,87,0.0,0.0,1434.0,43.6,8.0,1.0,0,8.1,1.0,12.2,16.9,0.0,893.2(26),6.0,01-04-2015,,
3191E,,14.0,69,1.0,5.0,6.6,909.8(30),5.0,1012.9,899.5,5.2,,9.7,0,0.0,5.0,,6.0,11.0,49.0,0.0,16.0,,82,0.0,3.0,959.0,121.2,15.0,2.0,0,6.5,0.0,9.3,13.4,0.0,887.8(04),13.0,01-04-2016,,
3191E,,3.0,45,0.0,0.0,10.0,911.2(21),4.0,1016.0,904.1,7.7,,14.3,0,0.0,12.0,,1.0,15.0,76.0,0.0,7.0,,71,0.0,0.0,1926.0,21.3,7.0,1.0,0,10.6,0.0,13.5,19.4,0.0,893.4(25),5.0,01-04-2017,,196.0
3191E,,13.0,70,1.0,5.0,6.4,911.1(18),4.0,1011.9,899.1,6.3,,12.8,0,0.0,4.0,,2.0,13.0,48.0,0.0,17.0,,90,0.0,1.0,1384.0,80.8,15.0,0.0,0,5.3,1.0,10.6,14.9,0.0,881.2(10),13.0,01-04-2018,,
3191E,,12.0,64,2.0,3.0,6.5,912.1(27),8.0,1011.7,898.6,5.1,,12.0,0,0.0,4.0,,2.0,14.0,49.0,0.0,15.0,,78,0.0,3.0,1100.0,97.0,13.0,3.0,2,5.5,1.0,9.9,14.6,1.0,884.1(23),14.0,01-04-2019,,
3191E,,,76,0.0,7.0,5.0,909.7(07),0.0,1013.7,901.0,7.6,,10.2,0,,,,2.0,,37.0,0.0,18.0,,103,0.0,,663.0,80.6,18.0,3.0,0,11.0,0.0,11.4,15.1,,892.3(21),13.0,01-04-2020,,
3191E,,11.0,67,0.0,2.0,5.4,909.2(12),0.0,1013.5,900.6,6.4,,10.8,0,0.0,4.0,,1.0,15.0,41.0,0.0,20.0,,87,0.0,1.0,963.0,56.5,20.0,3.0,1,10.3,0.0,10.9,15.4,0.0,891.7(27),12.0,01-04-2021,,
3191E,,8.0,59,0.0,2.0,7.5,911.3(29),3.0,1013.0,900.1,5.5,,11.9,0,0.0,2.0,,2.0,20.0,56.0,0.0,10.0,,79,0.0,1.0,1273.0,55.7,10.0,2.0,4,6.4,2.0,10.4,15.2,0.0,883.7(22),7.0,01-04-2022,,
3191E,,0.0,38,0.0,0.0,10.2,909.8(02),5.0,1013.9,902.8,9.5,,18.2,0,0.0,6.0,,0.0,24.0,77.0,0.0,1.0,,70,0.0,0.0,2138.0,5.2,1.0,0.0,0,13.1,0.0,15.4,21.2,0.0,893.7(21),1.0,01-04-2023,,
3191E,,,58,0.0,3.0,9.1,916.7(11),3.0,1015.9,903.5,6.8,,14.2,0,,,,1.0,,68.0,0.0,6.0,,88,0.0,,1224.0,14.4,6.0,0.0,1,9.0,0.0,12.2,17.6,,887.0(27),2.0,01-04-2024,,
3191E,,6.0,59,1.0,4.0,8.1,913.9(28),4.0,1013.7,902.4,8.6,,18.0,4,0.0,7.0,,1.0,18.0,56.0,0.0,11.0,,101,0.0,3.0,1630.0,38.6,12.0,4.0,1,9.3,0.0,14.2,19.8,0.0,893.7(03),9.0,01-05-2001,11.0,265.0
3191E,,7.0,57,1.0,2.0,8.8,911.0(14),,1013.6,901.8,8.4,,15.1,0,0.0,8.0,,2.0,16.0,61.0,,10.0,,90,0.0,0.0,1677.0,52.6,9.0,2.0,0,8.3,0.0,13.3,18.1,0.0,890.7(08),8.0,01-05-2002,14.0,
3191E,,4.0,50,0.0,1.0,10.2,915.8(21),,1015.3,904.6,10.1,,17.0,0,0.0,13.0,,0.0,14.0,70.0,,7.0,,100,0.0,1.0,2116.0,18.6,8.0,2.0,0,10.2,0.0,16.1,22.0,0.0,895.8(07),6.0,01-05-2003,11.0,
3191E,,9.0,64,1.0,3.0,7.5,911.8(19),6.0,1013.7,901.7,7.8,,13.4,0,0.0,4.0,,4.0,18.0,52.0,0.0,16.0,,99,0.0,1.0,1293.0,95.9,17.0,9.0,0,10.0,0.0,12.5,17.2,0.0,886.5(03),12.0,01-05-2004,13.0,
3191E,,7.0,52,0.0,2.0,8.8,910.1(19),4.0,1014.3,903.6,10.6,,16.8,2,0.0,7.0,,1.0,17.0,61.0,0.0,8.0,,101,0.0,1.0,2224.0,20.5,9.0,1.0,0,13.8,0.0,16.4,22.2,0.0,896.2(11),3.0,01-05-2005,12.0,282.0
3191E,,6.0,49,0.0,0.0,9.0,913.9(27),,1014.2,904.0,11.6,,19.0,3,0.0,3.0,,0.0,22.0,62.0,,4.0,,103,0.0,0.0,2071.0,12.4,6.0,2.0,0,16.2,0.0,17.2,22.8,0.0,895.3(21),2.0,01-05-2006,11.0,
3191E,,8.0,60,3.0,4.0,8.2,913.8(08),9.0,1013.7,902.3,9.1,,16.4,0,0.0,5.0,,3.0,18.0,57.0,0.0,11.0,,102,1.0,2.0,1473.0,104.6,9.0,5.0,0,10.2,0.0,14.1,19.1,0.0,892.3(03),9.0,01-05-2007,12.0,
3191E,,10.0,72,2.0,2.0,5.7,907.4(03),,1010.1,898.5,8.8,,14.3,0,0.0,1.0,,6.0,20.0,40.0,,20.0,,110,0.0,1.0,912.0,153.2,19.0,4.0,0,10.4,0.0,13.0,17.1,0.0,892.5(27),14.0,01-05-2008,9.0,
3191E,,3.0,46,0.0,0.0,10.6,911.7(28),,1014.2,903.8,10.9,,16.8,0,0.0,9.0,,1.0,19.0,74.0,,5.0,,92,0.0,0.0,2129.0,23.9,6.0,3.0,0,14.7,0.0,16.9,22.9,0.0,897.5(11),3.0,01-05-2009,10.0,
3191E,,2.0,59,1.0,1.0,9.8,912.4(18),6.0,1012.9,901.3,8.2,,15.8,0,0.0,9.0,,1.0,20.0,68.0,2.0,9.0,,97,0.0,0.0,1484.0,43.4,9.0,2.0,0,8.3,1.0,13.5,18.7,0.0,891.0(09),7.0,01-05-2010,,303.0
3191E,,6.0,59,1.0,2.0,8.8,911.5(16),1.0,1015.0,904.4,11.5,,16.8,0,0.0,4.0,,2.0,21.0,61.0,0.0,11.0,,116,0.0,1.0,1513.0,80.1,11.0,7.0,0,14.8,0.0,16.5,21.5,0.0,888.2(02),9.0,01-05-2011,,
3191E,,6.0,56,0.0,0.0,9.5,913.1(12),1.0,1013.5,903.0,11.1,,19.0,1,0.0,6.0,,0.0,19.0,65.0,0.0,9.0,,107,0.0,0.0,1829.0,34.3,9.0,1.0,0,11.2,0.0,16.4,21.7,1.0,893.5(19),7.0,01-05-2012,,
3191E,,9.0,58,3.0,0.0,8.9,907.5(12),3.0,1013.3,901.2,7.0,,13.5,0,0.0,6.0,,2.0,16.0,61.0,0.0,11.0,,87,0.0,0.0,1290.0,34.5,10.0,1.0,0,8.5,0.0,12.1,17.2,0.0,885.6(17),5.0,01-05-2013,,
3191E,,7.0,49,0.0,1.0,9.8,911.8(14),,1013.5,902.5,9.6,,15.4,0,0.0,4.0,,1.0,20.0,68.0,,6.0,,88,0.0,0.0,2070.0,29.0,8.0,2.0,0,12.0,0.0,15.2,20.8,0.0,890.0(21),5.0,01-05-2014,,
3191E,,5.0,49,0.0,1.0,10.7,911.5(09),4.0,1015.0,904.8,10.8,,19.5,1,0.0,10.0,,0.0,16.0,74.0,0.0,1.0,,103,0.0,1.0,2364.0,0.9,3.0,0.0,0,17.1,0.0,17.3,23.7,0.0,893.5(04),0.0,01-05-2015,,
3191E,,12.0,63,0.0,6.0,7.9,910.9(01),3.0,1013.1,901.3,8.6,,13.8,0,0.0,7.0,,5.0,12.0,54.0,0.0,12.0,,98,0.0,2.0,1175.0,85.4,12.0,0.0,0,9.5,0.0,13.2,17.7,0.0,886.9(08),11.0,01-05-2016,,
3191E,,5.0,51,1.0,0.0,8.9,914.2(15),,1013.1,902.9,11.6,,17.1,0,0.0,3.0,,1.0,23.0,61.0,,9.0,,106,0.0,0.0,1920.0,20.2,8.0,2.0,0,13.5,0.0,17.2,22.7,0.0,886.8(11),6.0,01-05-2017,,
3191E,,6.0,64,0.0,1.0,7.9,906.8(13),2.0,1013.1,901.7,9.2,,12.9,0,0.0,1.0,,3.0,24.0,55.0,0.0,14.0,,109,0.0,1.0,1622.0,82.3,15.0,5.0,0,13.2,0.0,14.3,19.4,0.0,897.0(09),9.0,01-05-2018,7.0,
3191E,,3.0,45,0.0,1.0,10.6,911.2(12),2.0,1012.7,902.2,9.3,,17.1,1,0.0,9.0,,0.0,19.0,73.0,0.0,3.0,,87,0.0,0.0,2121.0,0.8,3.0,0.0,0,15.0,0.0,15.9,22.5,0.0,891.4(16),0.0,01-05-2019,,
3191E,,5.0,60,0.0,4.0,9.0,913.0(24),3.0,1014.2,903.9,11.8,,17.5,0,0.0,4.0,,3.0,22.0,62.0,0.0,11.0,,123,0.0,3.0,1451.0,69.4,11.0,4.0,0,11.7,0.0,17.2,22.4,0.0,891.1(14),9.0,01-05-2020,,
3191E,,5.0,53,0.0,0.0,9.0,909.6(25),2.0,1014.1,903.1,10.0,,15.9,0,0.0,3.0,,1.0,23.0,62.0,0.0,10.0,,97,0.0,0.0,1666.0,37.8,10.0,4.0,0,14.0,0.0,15.5,21.1,0.0,892.8(09),5.0,01-05-2021,9.0,
3191E,,4.0,47,0.0,0.0,10.3,910.3(20),2.0,1014.2,904.3,12.2,,18.4,2,0.0,8.0,,0.0,19.0,71.0,0.0,2.0,,104,0.0,0.0,1979.0,10.1,2.0,1.0,0,13.2,0.0,18.1,23.9,0.0,894.1(29),1.0,01-05-2022,,
3191E,,8.0,48,0.0,0.0,9.2,910.1(08),2.0,1014.3,903.3,9.5,,15.8,0,0.0,3.0,,2.0,20.0,64.0,0.0,10.0,,87,1.0,0.0,1902.0,81.3,10.0,2.0,0,14.0,0.0,15.4,21.2,0.0,897.9(21),8.0,01-05-2023,11.0,
3191E,,,52,0.0,2.0,,908.7(07),1.0,1012.3,901.5,9.5,,17.4,2,,,,0.0,,,0.0,5.0,,98,0.0,,1376.0,17.0,6.0,1.0,0,11.8,0.0,15.3,21.2,,894.4(17),3.0,01-05-2024,,
3191E,,1.0,36,1.0,0.0,12.3,910.9(18),,1013.5,905.1,15.3,,22.8,10,0.0,19.0,,1.0,10.0,82.0,,3.0,,97,0.0,0.0,3161.0,13.1,2.0,1.0,0,19.2,0.0,21.8,28.3,0.0,898.1(09),2.0,01-06-2001,11.0,
3191E,,4.0,42,1.0,0.0,10.3,910.3(22),,1013.1,904.4,15.5,,21.3,13,0.0,15.0,,0.0,11.0,68.0,,8.0,,106,0.0,0.0,3103.0,25.9,7.0,3.0,0,13.3,0.0,21.4,27.3,0.0,891.4(05),5.0,01-06-2002,13.0,
3191E,,2.0,40,0.0,0.0,10.5,911.0(14),,1011.6,903.8,17.6,,20.3,18,0.0,10.0,,0.0,18.0,70.0,,2.0,,117,0.0,0.0,3153.0,2.7,3.0,1.0,0,21.0,0.0,23.4,29.1,0.0,896.5(29),1.0,01-06-2003,12.0,
3191E,,0.0,43,0.0,0.0,11.8,911.0(10),2.0,1014.5,906.1,15.3,,21.5,7,0.0,11.0,,0.0,19.0,79.0,0.0,3.0,,122,0.0,0.0,3060.0,6.9,3.0,4.0,0,22.6,0.0,21.8,28.3,0.0,897.9(18),1.0,01-06-2004,9.0,
3191E,,1.0,44,1.0,0.0,11.5,912.0(16),,1012.6,904.7,15.8,,19.5,14,0.0,8.0,,0.0,21.0,76.0,,4.0,,130,0.0,0.0,3004.0,18.0,5.0,4.0,0,20.6,0.0,22.4,29.0,0.0,896.4(12),4.0,01-06-2005,13.0,
3191E,,0.0,43,0.0,0.0,10.6,909.9(04),,1013.0,904.5,14.7,,20.0,7,0.0,5.0,,0.0,25.0,70.0,,6.0,,116,0.0,0.0,2585.0,18.5,8.0,6.0,0,21.3,0.0,21.1,27.5,0.0,896.3(23),5.0,01-06-2006,11.0,
3191E,,3.0,55,0.0,3.0,10.4,910.3(01),,1012.3,902.6,12.8,,17.7,0,0.0,7.0,,2.0,20.0,69.0,,5.0,,117,0.0,0.0,1783.0,36.3,6.0,0.0,0,15.4,0.0,18.0,23.1,0.0,897.4(14),4.0,01-06-2007,11.0,
3191E,,4.0,58,1.0,0.0,9.9,908.7(20),,1013.7,904.2,13.2,,20.5,7,0.0,8.0,,2.0,18.0,66.0,,7.0,,134,0.0,0.0,1771.0,47.4,11.0,3.0,0,13.0,0.0,18.7,24.2,0.0,895.3(16),5.0,01-06-2008,8.0,
3191E,,4.0,42,0.0,0.0,9.8,910.0(11),,1011.8,903.4,15.3,,21.2,8,0.0,8.0,,0.0,18.0,65.0,,8.0,,112,0.0,0.0,2532.0,16.9,10.0,3.0,0,15.2,0.0,21.3,27.3,0.0,893.8(06),4.0,01-06-2009,12.0,
3191E,,4.0,56,0.0,1.0,8.8,908.6(29),4.0,1011.3,902.0,13.3,,19.1,2,0.0,4.0,,1.0,22.0,58.0,0.0,13.0,,126,0.0,1.0,1798.0,51.3,15.0,4.0,0,13.3,0.0,18.8,24.2,0.0,886.8(09),7.0,01-06-2010,,
3191E,,2.0,48,2.0,0.0,11.1,910.9(25),2.0,1013.2,904.2,14.8,,21.8,7,0.0,12.0,,3.0,16.0,74.0,0.0,5.0,,119,0.0,0.0,2296.0,45.3,3.0,3.0,0,15.6,0.0,20.3,25.9,0.0,894.0(06),3.0,01-06-2011,,209.0
3191E,,3.0,42,0.0,0.0,11.4,909.7(24),3.0,1011.9,903.5,16.1,,24.7,7,0.0,11.0,,0.0,16.0,76.0,0.0,2.0,,112,0.0,0.0,2645.0,1.7,2.0,0.0,0,20.4,0.0,21.7,27.3,0.0,895.9(07),1.0,01-06-2012,,
3191E,,3.0,46,0.0,1.0,11.3,911.9(29),4.0,1014.1,904.5,12.2,,19.1,3,0.0,14.0,,0.0,13.0,75.0,0.0,2.0,,105,0.0,0.0,2233.0,1.6,5.0,1.0,0,15.1,0.0,18.6,25.0,0.0,897.0(17),1.0,01-06-2013,,
3191E,,3.0,39,0.0,0.0,11.5,911.0(11),3.0,1012.7,903.5,13.9,,18.3,1,0.0,7.0,,0.0,20.0,76.0,0.0,5.0,,94,0.0,0.0,2197.0,16.4,5.0,0.0,0,18.1,0.0,19.7,25.4,0.0,898.4(06),4.0,01-06-2014,,
3191E,,3.0,44,1.0,1.0,10.8,910.4(26),,1013.7,905.1,16.0,,25.1,11,0.0,12.0,,1.0,15.0,72.0,,7.0,,118,0.0,0.0,2849.0,29.0,8.0,3.0,0,18.0,0.0,21.9,27.8,0.0,898.1(13),6.0,01-06-2015,,
3191E,,2.0,41,0.0,0.0,11.9,913.0(19),5.0,1012.7,903.9,14.8,,20.1,9,0.0,10.0,,0.0,18.0,79.0,0.0,3.0,,106,0.0,0.0,2484.0,9.7,3.0,0.0,0,17.7,0.0,20.9,27.0,0.0,891.9(15),2.0,01-06-2016,,
3191E,,2.0,44,0.0,0.0,10.4,910.8(15),,1011.6,903.9,17.2,,23.9,16,0.0,5.0,,1.0,23.0,69.0,,7.0,,134,0.0,0.0,2748.0,24.8,7.0,6.0,0,19.5,0.0,23.5,29.8,0.0,896.8(28),4.0,01-06-2017,,
3191E,,4.0,58,0.0,0.0,9.5,910.1(18),1.0,1012.3,903.1,14.2,,21.8,5,0.0,10.0,,2.0,16.0,63.0,0.0,10.0,,135,0.0,0.0,2139.0,39.3,11.0,3.0,0,16.0,0.0,19.6,25.0,0.0,896.1(29),5.0,01-06-2018,,
3191E,,1.0,36,0.0,0.0,11.7,909.0(01),3.0,1011.1,902.4,14.6,,23.8,7,0.0,12.0,,0.0,17.0,77.0,0.0,1.0,,92,0.0,0.0,2834.0,2.1,1.0,0.0,0,18.0,0.0,20.7,26.8,0.0,895.6(06),1.0,01-06-2019,,
3191E,,1.0,47,0.0,0.0,10.8,910.7(21),0.0,1011.3,902.4,13.7,,20.5,7,0.0,8.0,,0.0,21.0,72.0,0.0,4.0,,114,0.0,0.0,2450.0,7.9,6.0,2.0,0,16.5,0.0,19.8,25.9,0.0,892.3(11),2.0,01-06-2020,,
3191E,,4.0,47,0.0,0.0,10.5,909.5(13),2.0,1012.9,903.8,14.6,,20.0,6,0.0,5.0,,1.0,21.0,70.0,0.0,7.0,,111,0.0,0.0,2225.0,30.7,8.0,4.0,0,18.0,0.0,20.3,25.9,0.0,897.6(01),4.0,01-06-2021,,
3191E,,1.0,37,0.0,0.0,11.3,909.6(16),2.0,1011.4,903.3,16.8,,24.5,10,0.0,5.0,,0.0,24.0,75.0,0.0,2.0,,103,0.0,0.0,2910.0,1.5,3.0,2.0,0,21.2,0.0,22.5,28.2,0.0,896.1(18),1.0,01-06-2022,,
3191E,,3.0,55,2.0,2.0,9.2,912.0(23),1.0,1011.7,903.0,15.6,,21.8,6,0.0,6.0,,3.0,21.0,61.0,0.0,11.0,,137,0.0,2.0,1549.0,76.5,11.0,6.0,0,17.1,0.0,20.7,25.8,0.0,897.7(19),10.0,01-06-2023,,
3191E,,,50,0.0,2.0,9.0,909.0(21),1.0,1011.3,902.2,14.0,,19.4,6,,,,1.0,,59.0,0.0,11.0,,118,0.0,,2180.0,34.3,12.0,4.0,0,17.2,0.0,19.8,25.6,,897.2(25),8.0,01-06-2024,,
3191E,,2.0,38,0.0,1.0,11.0,911.9(01),4.0,1012.1,903.9,16.8,,23.2,13,0.0,14.0,,0.0,15.0,74.0,0.0,2.0,,106,0.0,0.0,3363.0,7.6,3.0,1.0,0,21.0,0.0,22.6,28.4,0.0,894.3(04),2.0,01-07-2001,12.0,
3191E,,0.0,37,0.0,0.0,11.8,910.5(24),,1012.2,904.3,16.2,,21.6,13,0.0,17.0,,0.0,14.0,80.0,,4.0,,108,0.0,0.0,3579.0,5.8,4.0,3.0,0,23.0,0.0,22.6,29.0,0.0,898.5(31),2.0,01-07-2002,14.0,
3191E,,0.0,33,,,12.6,911.4(29),,1012.2,904.7,17.6,,22.0,20,0.0,18.0,,,13.0,85.0,,,,104,,0.0,3876.0,,,,0,23.5,,24.1,30.5,0.0,896.7(15),,01-07-2003,13.0,
3191E,,0.0,38,0.0,0.0,11.6,911.4(24),,1012.7,904.9,16.7,,23.9,17,0.0,15.0,,0.0,16.0,78.0,,2.0,,115,0.0,0.0,4087.0,5.5,3.0,3.0,0,20.2,0.0,23.3,29.8,0.0,897.4(06),2.0,01-07-2004,11.0,
3191E,,0.0,40,0.0,0.0,12.6,912.4(20),,1011.7,904.5,17.7,,22.2,21,0.0,17.0,,0.0,14.0,85.0,,0.0,,130,0.0,0.0,3500.0,0.0,0.0,0.0,0,25.4,0.0,24.4,31.0,0.0,898.3(23),0.0,01-07-2005,13.0,
3191E,,1.0,37,0.0,0.0,10.4,910.6(11),,1013.0,905.9,18.7,,23.4,22,0.0,14.0,,0.0,16.0,71.0,,5.0,,127,0.0,0.0,3421.0,15.9,6.0,3.0,0,26.5,0.0,25.0,31.3,0.0,900.8(29),2.0,01-07-2006,13.0,
3191E,,0.0,38,0.0,0.0,12.4,910.5(05),,1012.6,904.5,16.2,,21.3,11,0.0,20.0,,0.0,11.0,84.0,,1.0,,108,0.0,0.0,3107.0,0.3,2.0,2.0,0,23.6,0.0,22.5,28.8,0.0,896.7(23),0.0,01-07-2007,12.0,
3191E,,0.0,42,0.0,0.0,12.4,912.4(15),1.0,1012.1,904.0,16.4,,21.0,11,0.0,14.0,,0.0,17.0,84.0,0.0,2.0,,120,0.0,0.0,2822.0,9.9,2.0,3.0,0,22.6,0.0,22.6,28.7,0.0,899.0(12),1.0,01-07-2008,10.0,
3191E,,0.0,33,0.0,0.0,12.5,911.2(18),,1012.1,904.7,17.8,,20.7,19,0.0,16.0,,0.0,15.0,85.0,,2.0,,105,0.0,0.0,3540.0,0.5,2.0,0.0,0,25.6,0.0,24.3,30.7,0.0,899.1(22),0.0,01-07-2009,13.0,
3191E,,2.0,38,0.0,0.0,12.0,910.2(24),,1011.9,904.9,19.4,,23.8,23,0.0,18.0,,1.0,11.0,81.0,,2.0,,131,0.0,0.0,3134.0,16.0,3.0,2.0,0,26.3,0.0,25.5,31.6,0.0,898.2(21),2.0,01-07-2010,11.0,
3191E,,1.0,40,0.0,0.0,12.0,908.3(15),,1010.2,902.3,16.0,,20.6,11,0.0,11.0,,0.0,19.0,82.0,,0.0,,115,0.0,0.0,3074.0,0.0,2.0,0.0,0,21.7,0.0,22.5,28.9,0.0,896.2(03),0.0,01-07-2011,,
3191E,,0.0,36,0.0,0.0,12.7,915.1(17),6.0,1011.5,903.9,17.0,,21.3,16,0.0,20.0,,0.0,11.0,86.0,0.0,2.0,,111,0.0,0.0,3425.0,8.1,2.0,2.0,0,22.7,0.0,23.5,30.0,0.0,898.2(04),2.0,01-07-2012,,
3191E,,1.0,39,0.0,0.0,11.3,912.0(30),4.0,1012.8,905.3,18.4,,21.4,22,0.0,13.0,,0.0,17.0,76.0,0.0,7.0,,125,0.0,0.0,3194.0,8.2,7.0,4.0,0,22.6,0.0,24.5,30.6,0.0,897.9(27),2.0,01-07-2013,,
3191E,,3.0,40,0.0,0.0,11.7,909.0(21),,1011.7,903.5,16.0,,22.2,14,0.0,16.0,,1.0,12.0,79.0,,2.0,,108,0.0,0.0,2886.0,21.7,2.0,1.0,0,19.1,0.0,22.2,28.3,0.0,898.7(24),2.0,01-07-2014,,
3191E,,1.0,35,0.0,0.0,11.8,909.7(04),,1010.8,904.5,20.9,,24.3,28,0.0,16.0,,0.0,14.0,80.0,,5.0,,130,0.0,0.0,3749.0,3.7,5.0,2.0,0,28.0,0.0,27.1,33.2,0.0,895.8(31),1.0,01-07-2015,,
3191E,,1.0,33,0.0,0.0,11.7,910.3(05),4.0,1013.1,905.8,18.4,,23.6,24,0.0,17.0,,0.0,13.0,79.0,0.0,4.0,,114,0.0,0.0,3219.0,19.6,5.0,3.0,0,26.3,0.0,25.1,31.8,0.0,901.4(22),4.0,01-07-2016,,
3191E,,2.0,46,1.0,0.0,11.7,910.9(01),,1011.6,904.3,18.1,,23.2,18,0.0,19.0,,3.0,10.0,80.0,,3.0,,146,1.0,0.0,3115.0,66.6,2.0,3.0,0,21.5,0.0,24.3,30.5,0.0,898.5(31),3.0,01-07-2017,,
3191E,,0.0,43,0.0,0.0,12.2,908.0(06),1.0,1011.6,903.9,17.2,,20.0,11,0.0,14.0,,0.0,17.0,82.0,0.0,1.0,,129,0.0,0.0,2815.0,2.2,1.0,0.0,0,24.3,0.0,23.0,28.8,0.0,899.0(01),1.0,01-07-2018,,
3191E,,0.0,35,0.0,0.0,11.3,909.6(22),3.0,1009.6,902.7,19.0,,23.5,24,0.0,11.0,,0.0,20.0,77.0,0.0,4.0,,117,0.0,0.0,3435.0,2.0,4.0,4.0,0,24.2,0.0,25.3,31.4,0.0,897.0(27),1.0,01-07-2019,,
3191E,,2.0,36,0.0,0.0,11.5,910.1(04),4.0,1011.2,904.5,19.5,,22.5,29,0.0,11.0,,0.0,18.0,78.0,0.0,2.0,,129,0.0,0.0,3801.0,5.9,4.0,3.0,0,29.3,0.0,26.1,32.7,0.0,900.2(01),1.0,01-07-2020,,
3191E,,2.0,37,0.0,0.0,12.2,909.4(08),2.0,1011.1,903.5,17.3,,22.5,18,0.0,17.0,,0.0,12.0,83.0,0.0,2.0,,113,0.0,0.0,3134.0,8.2,2.0,1.0,0,20.9,0.0,23.7,30.1,0.0,898.7(25),2.0,01-07-2021,,
3191E,,0.0,30,0.0,0.0,12.6,912.0(08),1.0,1012.4,905.9,20.9,,26.7,29,0.0,22.0,,0.0,9.0,86.0,0.0,1.0,,114,0.0,0.0,3859.0,6.8,1.0,1.0,0,28.0,0.0,27.4,33.9,0.0,899.7(28),1.0,01-07-2022,,
3191E,,0.0,34,0.0,0.0,12.3,909.4(10),2.0,1011.5,904.4,19.4,,24.5,21,0.0,20.0,,0.0,11.0,83.0,0.0,2.0,,111,0.0,0.0,3380.0,3.8,2.0,1.0,0,28.0,0.0,25.4,31.4,0.0,900.3(24),1.0,01-07-2023,,
3191E,,,32,0.0,0.0,,909.7(23),2.0,1010.4,903.7,19.2,,25.5,22,,,,0.0,,,0.0,1.0,,112,0.0,,,0.3,1.0,0.0,0,28.0,0.0,25.8,32.4,,897.7(06),0.0,01-07-2024,,
3191E,,2.0,39,0.0,0.0,10.3,911.4(06),,1012.8,905.0,17.9,,22.5,14,0.0,9.0,,0.0,20.0,75.0,,4.0,,119,0.0,0.0,3487.0,7.6,6.0,4.0,0,25.4,0.0,23.8,29.7,0.0,900.1(18),2.0,01-08-2001,12.0,
3191E,,2.0,42,1.0,0.0,10.2,908.9(31),,1011.6,903.3,16.2,,21.6,10,0.0,8.0,,1.0,21.0,74.0,,4.0,,113,0.0,0.0,2463.0,24.6,4.0,4.0,0,20.2,0.0,22.1,28.0,0.0,896.7(10),3.0,01-08-2002,13.0,
3191E,,0.0,38,1.0,0.0,10.2,912.3(13),,1012.7,905.4,19.1,,23.5,19,0.0,10.0,,2.0,21.0,74.0,,5.0,,123,1.0,0.0,3496.0,102.4,5.0,5.0,0,19.6,0.0,25.1,31.1,0.0,896.9(28),4.0,01-08-2003,11.0,
3191E,,1.0,47,0.0,3.0,10.1,909.7(26),3.0,1012.1,903.8,16.4,,21.3,10,0.0,12.0,,1.0,18.0,73.0,0.0,7.0,,125,0.0,2.0,3008.0,31.8,7.0,2.0,0,20.0,0.0,22.1,27.8,0.0,897.0(08),5.0,01-08-2004,13.0,
3191E,,2.0,45,0.0,0.0,10.5,911.0(04),2.0,1012.7,904.9,17.3,,23.7,19,0.0,17.0,,0.0,12.0,76.0,0.0,1.0,,134,0.0,0.0,3487.0,0.6,1.0,0.0,0,20.8,0.0,23.7,30.1,0.0,897.2(09),0.0,01-08-2005,12.0,303.0
3191E,,0.0,41,0.0,0.0,11.7,912.6(21),,1011.6,903.5,15.0,,19.8,16,0.0,16.0,,0.0,15.0,85.0,,3.0,,114,0.0,0.0,3150.0,8.5,3.0,2.0,0,19.1,0.0,22.0,29.0,0.0,893.1(17),1.0,01-08-2006,12.0,
3191E,,2.0,41,0.0,0.0,10.0,909.0(26),,1011.5,903.1,15.2,,20.7,10,0.0,13.0,,0.0,16.0,73.0,,3.0,,108,0.0,0.0,2992.0,5.4,4.0,2.0,0,21.4,0.0,21.7,28.2,0.0,897.4(21),2.0,01-08-2007,14.0,
3191E,,0.0,39,0.0,0.0,11.1,909.5(02),1.0,1011.1,903.4,17.0,,22.3,14,0.0,15.0,,0.0,16.0,81.0,0.0,2.0,,116,0.0,0.0,2977.0,2.3,3.0,2.0,0,24.8,0.0,23.3,29.5,0.0,895.6(11),1.0,01-08-2008,9.0,
3191E,,0.0,36,0.0,0.0,11.1,909.0(21),,1011.7,904.5,19.2,,22.2,23,0.0,12.0,,0.0,19.0,80.0,,2.0,,120,0.0,0.0,3253.0,0.2,3.0,1.0,0,25.8,0.0,25.3,31.4,0.0,898.1(24),0.0,01-08-2009,11.0,
3191E,,1.0,39,0.0,0.0,10.6,913.4(21),1.0,1012.4,904.7,17.3,,22.5,20,0.0,18.0,,0.0,12.0,77.0,0.0,2.0,,121,0.0,0.0,2890.0,10.2,3.0,1.0,0,24.4,0.0,23.9,30.5,0.0,899.9(31),1.0,01-08-2010,,244.0
3191E,,2.0,44,0.0,1.0,10.5,910.1(09),5.0,1011.1,903.5,17.6,,23.0,15,0.0,11.0,,1.0,18.0,76.0,0.0,6.0,,134,0.0,0.0,2891.0,17.3,7.0,5.0,0,22.1,0.0,23.6,29.5,0.0,896.8(01),4.0,01-08-2011,,
3191E,,0.0,38,0.0,0.0,11.1,912.2(31),4.0,1012.2,904.8,18.8,,25.7,17,0.0,15.0,,0.0,16.0,81.0,0.0,1.0,,123,0.0,0.0,3117.0,0.1,2.0,0.0,0,21.4,0.0,24.8,30.7,0.0,897.4(05),0.0,01-08-2012,,
3191E,,0.0,41,0.0,0.0,11.2,911.2(09),3.0,1012.2,904.7,17.9,,22.0,21,0.0,17.0,,0.0,14.0,81.0,0.0,1.0,,127,0.0,0.0,3216.0,0.3,3.0,2.0,0,24.8,0.0,24.3,30.7,0.0,897.7(26),0.0,01-08-2013,10.0,
3191E,,0.0,39,0.0,0.0,11.5,908.0(16),1.0,1011.2,903.3,17.4,,20.8,13,0.0,13.0,,0.0,18.0,83.0,0.0,1.0,,111,0.0,0.0,2941.0,7.1,2.0,1.0,0,25.7,0.0,23.3,29.2,0.0,897.8(01),1.0,01-08-2014,,
3191E,,2.0,41,0.0,0.0,9.9,909.5(20),5.0,1011.9,904.0,17.4,,21.7,15,0.0,8.0,,0.0,21.0,72.0,0.0,3.0,,117,0.0,0.0,2923.0,14.6,3.0,4.0,0,21.6,0.0,23.3,29.2,0.0,897.5(23),2.0,01-08-2015,,
3191E,,0.0,36,0.0,0.0,11.8,912.6(07),2.0,1014.2,906.6,18.9,,22.5,25,0.0,18.0,,0.0,13.0,86.0,0.0,2.0,,116,0.0,0.0,3254.0,1.4,2.0,1.0,0,26.0,0.0,25.0,31.1,0.0,899.8(18),1.0,01-08-2016,,
3191E,,2.0,51,0.0,0.0,10.3,910.4(10),1.0,1012.6,905.1,18.2,,24.3,19,0.0,12.0,,1.0,17.0,74.0,0.0,4.0,,157,0.0,0.0,3064.0,17.7,6.0,2.0,0,19.6,0.0,24.3,30.3,0.0,899.8(07),2.0,01-08-2017,,185.0
3191E,,0.0,41,0.0,0.0,10.5,910.2(11),0.0,1012.3,905.1,19.0,,24.2,22,0.0,11.0,,0.0,20.0,76.0,0.0,3.0,,136,0.0,0.0,3136.0,1.2,5.0,1.0,0,27.7,0.0,25.3,31.5,0.0,898.9(07),0.0,01-08-2018,,
3191E,,2.0,40,0.0,0.0,10.5,909.4(30),1.0,1012.3,904.6,17.9,,21.8,18,0.0,13.0,,0.0,16.0,76.0,0.0,4.0,,122,0.0,0.0,2990.0,13.2,7.0,1.0,0,23.5,0.0,23.9,29.8,0.0,899.9(06),3.0,01-08-2019,,
3191E,,0.0,41,0.0,0.0,10.8,909.5(22),0.0,1011.2,903.5,17.7,,23.5,15,0.0,15.0,,1.0,16.0,79.0,0.0,2.0,,121,0.0,0.0,3198.0,21.8,3.0,1.0,0,19.3,0.0,23.5,29.3,0.0,894.9(28),2.0,01-08-2020,,
3191E,,0.0,35,0.0,0.0,10.8,910.4(13),0.0,1010.9,903.7,18.9,,26.6,21,0.0,15.0,,1.0,16.0,79.0,0.0,4.0,,112,0.0,0.0,3220.0,34.9,4.0,3.0,0,25.0,0.0,25.1,31.2,0.0,896.3(07),3.0,01-08-2021,,
3191E,,1.0,38,0.0,0.0,10.8,908.0(19),4.0,1010.3,903.4,19.7,,22.3,21,0.0,20.0,,0.0,10.0,79.0,0.0,3.0,,127,0.0,0.0,3433.0,2.9,3.0,6.0,0,24.7,0.0,25.6,31.5,0.0,897.2(15),1.0,01-08-2022,,
3191E,,0.0,33,0.0,0.0,12.0,910.9(11),2.0,1012.1,905.1,19.6,,24.6,23,0.0,23.0,,0.0,8.0,87.0,0.0,0.0,,115,0.0,0.0,3737.0,0.0,0.0,0.0,0,21.5,0.0,25.9,32.1,0.0,898.0(26),0.0,01-08-2023,,
3191E,,1.0,35,0.0,0.0,10.9,908.4(10),1.0,1010.0,903.5,19.8,,23.5,26,0.0,18.0,,0.0,12.0,79.0,0.0,5.0,,122,0.0,0.0,3271.0,23.7,5.0,4.0,0,24.6,0.0,26.4,32.9,0.0,898.3(13),4.0,01-08-2024,,
3191E,,2.0,48,1.0,3.0,8.4,908.9(26),,1013.0,903.2,13.0,,17.5,1,0.0,12.0,,1.0,16.0,67.0,,8.0,,101,0.0,1.0,2174.0,26.3,7.0,5.0,0,14.0,0.0,18.6,24.1,0.0,891.9(23),4.0,01-09-2001,10.0,
3191E,,11.0,60,0.0,6.0,7.3,909.3(30),0.0,1013.5,903.3,12.7,,16.2,0,0.0,4.0,,3.0,15.0,58.0,0.0,15.0,,121,0.0,4.0,1757.0,65.4,15.0,6.0,0,16.4,0.0,17.7,22.6,0.0,897.3(23),7.0,01-09-2002,10.0,
3191E,,2.0,52,0.0,1.0,8.6,912.6(12),,1016.0,906.3,14.0,,17.4,0,0.0,9.0,,1.0,19.0,69.0,,3.0,,120,0.0,1.0,2220.0,30.6,6.0,1.0,0,15.5,0.0,19.5,24.8,0.0,893.1(30),3.0,01-09-2003,11.0,
3191E,,3.0,46,1.0,0.0,8.8,912.1(22),,1015.7,906.4,14.6,,18.1,0,0.0,9.0,,1.0,18.0,71.0,,3.0,,116,0.0,0.0,2850.0,18.0,2.0,2.0,0,21.0,0.0,20.6,26.6,0.0,899.5(01),2.0,01-09-2004,11.0,
3191E,,0.0,51,0.0,0.0,8.9,913.2(14),,1015.5,905.5,12.8,,19.8,3,0.0,9.0,,0.0,21.0,72.0,,4.0,,114,0.0,0.0,2290.0,14.0,5.0,1.0,0,18.2,0.0,18.7,24.6,0.0,895.9(06),3.0,01-09-2005,11.0,
3191E,,2.0,50,0.0,2.0,7.7,912.5(04),0.0,1012.8,903.5,14.5,,22.1,7,0.0,6.0,,0.0,22.0,62.0,0.0,8.0,,116,0.0,1.0,2178.0,16.4,10.0,1.0,0,16.3,0.0,20.1,25.7,0.0,894.8(21),5.0,01-09-2006,11.0,268.0
3191E,,3.0,53,0.0,1.0,8.3,910.0(15),1.0,1015.1,905.4,13.4,,18.5,0,0.0,9.0,,1.0,18.0,66.0,0.0,6.0,,119,0.0,0.0,1913.0,21.8,7.0,1.0,0,15.6,0.0,19.1,24.8,0.0,898.2(28),5.0,01-09-2007,9.0,
3191E,,4.0,53,0.0,1.0,8.1,909.3(28),2.0,1013.5,903.3,12.5,,16.6,0,0.0,11.0,,1.0,15.0,65.0,0.0,5.0,,109,0.0,1.0,1849.0,34.3,6.0,3.0,0,16.4,0.0,17.8,23.1,0.0,897.5(05),4.0,01-09-2008,10.0,
3191E,,3.0,56,0.0,1.0,7.8,910.9(22),3.0,1014.9,905.0,13.8,,19.5,3,0.0,4.0,,0.0,23.0,62.0,0.0,10.0,,123,0.0,1.0,1982.0,24.4,10.0,5.0,0,11.4,0.0,19.1,24.3,0.0,895.5(18),5.0,01-09-2009,,
3191E,,5.0,54,1.0,2.0,8.2,912.0(14),0.0,1013.4,903.7,14.1,,20.1,4,0.0,8.0,,3.0,17.0,66.0,0.0,8.0,,119,0.0,1.0,1744.0,60.2,7.0,4.0,0,17.6,0.0,19.3,24.5,0.0,894.9(07),4.0,01-09-2010,,215.0
3191E,,3.0,47,0.0,0.0,9.6,913.0(06),1.0,1014.8,905.7,15.2,,20.3,4,0.0,16.0,,0.0,11.0,77.0,0.0,1.0,,119,0.0,0.0,2402.0,1.4,2.0,0.0,0,20.3,0.0,20.9,26.5,0.0,898.5(01),1.0,01-09-2011,,
3191E,,6.0,53,0.0,0.0,8.3,910.5(01),4.0,1013.3,903.7,13.8,,18.7,2,0.0,10.0,,2.0,14.0,66.0,0.0,7.0,,119,1.0,0.0,2196.0,75.1,8.0,0.0,0,14.7,0.0,19.2,24.5,0.0,890.9(26),6.0,01-09-2012,,
3191E,,4.0,55,0.0,2.0,8.7,911.2(09),0.0,1013.8,904.6,14.6,,17.8,0,0.0,9.0,,0.0,17.0,69.0,0.0,4.0,,132,0.0,1.0,2000.0,14.0,7.0,1.0,0,17.2,0.0,20.2,25.8,0.0,895.2(28),3.0,01-09-2013,,
3191E,,6.0,55,0.0,1.0,7.9,911.1(30),3.0,1012.8,903.3,15.0,,20.7,3,0.0,2.0,,0.0,22.0,63.0,0.0,8.0,,123,0.0,0.0,1736.0,24.1,8.0,3.0,0,17.3,0.0,19.8,24.6,0.0,894.9(16),7.0,01-09-2014,,
3191E,,5.0,50,0.0,1.0,8.0,911.0(19),2.0,1013.5,903.5,13.3,,17.3,0,0.0,7.0,,0.0,18.0,64.0,0.0,8.0,,104,0.0,1.0,2075.0,27.3,9.0,2.0,0,16.6,0.0,18.4,23.5,0.0,891.2(16),5.0,01-09-2015,,
3191E,,2.0,43,1.0,0.0,9.2,915.0(28),1.0,1015.8,906.4,15.4,,24.1,9,0.0,9.0,,0.0,19.0,74.0,0.0,3.0,,103,0.0,0.0,2364.0,7.3,2.0,1.0,0,16.6,0.0,21.1,26.7,0.0,899.4(13),1.0,01-09-2016,,
3191E,,1.0,45,0.0,0.0,9.6,911.5(28),,1015.3,905.5,13.6,,18.5,1,0.0,13.0,,0.0,16.0,77.0,,0.0,,103,0.0,0.0,2229.0,0.0,0.0,0.0,0,18.7,0.0,19.6,25.5,0.0,896.6(09),0.0,01-09-2017,,
3191E,,0.0,55,0.0,0.0,8.6,917.0(27),,1015.9,907.0,16.3,,20.0,5,0.0,7.0,,2.0,23.0,69.0,,9.0,,145,0.0,0.0,2056.0,39.7,10.0,8.0,0,18.7,0.0,21.9,27.4,0.0,899.1(03),5.0,01-09-2018,,
3191E,,5.0,51,0.0,0.0,7.9,914.0(12),4.0,1015.8,905.9,14.3,,18.8,2,0.0,9.0,,1.0,16.0,63.0,0.0,7.0,,114,0.0,0.0,2139.0,42.5,7.0,3.0,0,17.5,0.0,19.6,24.8,0.0,899.8(10),6.0,01-09-2019,,
3191E,,3.0,49,0.0,2.0,8.4,912.0(04),4.0,1015.2,905.3,14.0,,19.0,3,0.0,8.0,,2.0,19.0,68.0,0.0,8.0,,108,1.0,1.0,2037.0,59.9,8.0,4.0,0,16.2,0.0,19.1,24.1,0.0,899.9(18),7.0,01-09-2020,,
3191E,,6.0,60,2.0,1.0,7.0,912.3(29),2.0,1015.4,905.2,14.0,,20.7,0,0.0,3.0,,1.0,21.0,56.0,0.0,9.0,,128,0.0,1.0,1475.0,59.0,7.0,4.0,0,17.0,0.0,18.6,23.0,0.0,901.0(14),8.0,01-09-2021,,
3191E,,6.0,54,0.0,0.0,8.1,907.7(05),1.0,1012.2,902.7,14.3,,19.8,2,0.0,7.0,,2.0,17.0,65.0,0.0,9.0,,121,0.0,0.0,1902.0,48.1,9.0,5.0,0,14.8,0.0,19.2,24.2,0.0,894.0(29),6.0,01-09-2022,,
3191E,,9.0,64,0.0,1.0,7.3,914.0(30),1.0,1014.6,904.7,14.6,,18.4,0,0.0,9.0,,6.0,12.0,59.0,0.0,15.0,,141,2.0,0.0,1190.0,209.9,16.0,9.0,0,15.2,0.0,18.8,22.8,0.0,896.6(21),13.0,01-09-2023,6.0,
3191E,,4.0,51,0.0,0.0,8.4,910.3(29),1.0,1012.9,903.0,13.1,,18.6,0,0.0,7.0,,1.0,19.0,67.0,0.0,2.0,,107,0.0,0.0,1783.0,29.2,6.0,2.0,0,17.3,0.0,18.5,23.8,0.0,893.1(06),2.0,01-09-2024,,
3191E,,10.0,75,0.0,10.0,4.9,915.8(24),2.0,1018.0,906.0,10.3,,15.0,0,0.0,4.0,,2.0,17.0,44.0,0.0,12.0,,121,2.0,5.0,926.0,104.8,14.0,0.0,0,10.4,0.0,14.1,17.9,2.0,890.3(20),11.0,01-10-2001,12.0,
3191E,,8.0,77,0.0,11.0,5.5,915.3(28),2.0,1016.2,903.8,9.3,,13.0,0,0.0,3.0,,2.0,20.0,49.0,0.0,12.0,,115,0.0,7.0,828.0,58.2,12.0,1.0,0,12.2,0.0,13.0,16.7,0.0,887.5(09),7.0,01-10-2002,10.0,
3191E,,11.0,77,0.0,11.0,4.9,910.7(08),,1012.4,899.9,7.9,,12.5,0,0.0,4.0,,5.0,16.0,44.0,,19.0,,107,1.0,7.0,804.0,182.0,20.0,3.0,0,7.2,0.0,11.6,15.2,0.0,875.5(31),13.0,01-10-2003,12.0,
3191E,,10.0,72,0.0,10.0,5.1,910.6(02),,1013.2,901.2,8.9,,17.5,0,0.0,3.0,,5.0,18.0,46.0,,16.0,,106,1.0,6.0,1335.0,126.2,17.0,0.0,0,8.6,0.0,13.2,17.4,0.0,887.1(27),12.0,01-10-2004,12.0,
3191E,,11.0,75,0.0,6.0,5.5,909.8(03),,1016.6,904.4,9.3,,15.0,0,0.0,7.0,,4.0,13.0,49.0,,16.0,,116,1.0,5.0,953.0,139.2,15.0,3.0,0,11.8,0.0,13.4,17.5,0.0,898.4(31),12.0,01-10-2005,10.0,
3191E,,11.0,71,0.0,8.0,4.5,915.5(28),,1014.0,902.7,10.9,,17.4,0,0.0,5.0,,7.0,15.0,40.0,,15.0,,121,1.0,6.0,1065.0,191.3,15.0,1.0,0,11.5,0.0,14.8,18.6,1.0,892.0(18),11.0,01-10-2006,11.0,
3191E,,4.0,65,0.0,2.0,7.1,912.2(09),,1018.1,905.6,9.0,,13.4,0,0.0,11.0,,1.0,16.0,64.0,,7.0,,102,1.0,0.0,1165.0,54.9,8.0,1.0,0,12.1,0.0,13.6,18.1,0.0,896.7(24),5.0,01-10-2007,8.0,
3191E,,9.0,66,0.0,2.0,5.4,913.5(26),4.0,1017.1,904.5,9.1,,13.0,0,0.0,6.0,,5.0,16.0,49.0,0.0,17.0,,100,0.0,2.0,1195.0,116.1,15.0,0.0,0,7.0,1.0,13.0,16.9,0.0,879.0(31),14.0,01-10-2008,11.0,
3191E,,3.0,60,0.0,1.0,7.5,913.0(31),,1015.5,904.3,11.3,,17.0,0,0.0,9.0,,2.0,19.0,67.0,,4.0,,110,0.0,0.0,1474.0,40.1,5.0,2.0,0,10.4,0.0,16.2,21.0,0.0,882.3(22),3.0,01-10-2009,,
3191E,,8.0,61,0.0,4.0,6.7,912.2(27),3.0,1012.4,900.3,8.2,,13.7,0,0.0,9.0,,3.0,14.0,61.0,0.0,9.0,,90,0.0,2.0,1179.0,72.9,10.0,1.0,0,7.4,0.0,12.9,17.5,0.0,885.1(31),5.0,01-10-2010,,202.0
3191E,,4.0,55,0.0,2.0,7.9,914.0(10),2.0,1017.8,906.3,11.1,,18.6,0,0.0,16.0,,4.0,11.0,71.0,0.0,7.0,,94,0.0,1.0,1938.0,64.7,7.0,0.0,0,11.1,0.0,16.1,21.1,0.0,886.8(24),4.0,01-10-2011,,
3191E,,10.0,68,0.0,4.0,6.5,910.6(07),3.0,1012.3,900.4,9.6,,16.8,0,0.0,7.0,,2.0,14.0,59.0,0.0,13.0,,104,0.0,3.0,832.0,51.0,12.0,1.0,0,6.4,0.0,13.4,17.2,0.0,885.8(30),8.0,01-10-2012,,
3191E,,8.0,72,0.0,9.0,6.6,910.5(27),1.0,1016.7,904.7,10.2,,15.0,0,0.0,6.0,,3.0,17.0,59.0,0.0,7.0,,118,1.0,4.0,890.0,98.4,9.0,0.0,0,11.8,0.0,14.3,18.4,0.0,896.6(22),7.0,01-10-2013,,
3191E,,8.0,64,0.0,7.0,6.6,913.7(22),0.0,1016.1,905.0,12.9,,17.5,0,0.0,6.0,,4.0,17.0,60.0,0.0,8.0,,117,1.0,0.0,1271.0,118.5,8.0,2.0,0,12.4,0.0,16.8,20.6,0.0,893.6(14),8.0,01-10-2014,,
3191E,,13.0,74,0.0,8.0,5.0,909.3(01),1.0,1014.5,902.5,9.7,,13.8,0,0.0,4.0,,2.0,14.0,45.0,0.0,13.0,,115,0.0,8.0,852.0,80.5,14.0,0.0,0,12.7,0.0,13.5,17.1,0.0,895.5(11),11.0,01-10-2015,,
3191E,,9.0,64,0.0,7.0,5.9,916.8(28),1.0,1014.9,903.6,11.6,,15.8,0,0.0,7.0,,4.0,15.0,53.0,0.0,12.0,,108,0.0,5.0,1286.0,95.5,13.0,0.0,0,11.0,0.0,15.6,19.6,0.0,888.7(13),9.0,01-10-2016,,
3191E,,2.0,51,0.0,0.0,8.6,915.5(26),,1019.9,908.8,12.1,,16.4,0,0.0,21.0,,1.0,8.0,77.0,,2.0,,99,0.0,0.0,1898.0,24.4,2.0,0.0,0,11.9,0.0,17.6,23.0,0.0,896.7(18),2.0,01-10-2017,,
3191E,,11.0,68,0.0,4.0,5.9,912.7(23),4.0,1013.6,901.7,9.2,,13.9,0,0.0,10.0,,4.0,10.0,53.0,0.0,15.0,,106,0.0,2.0,1287.0,81.7,14.0,1.0,0,6.0,1.0,13.5,17.9,0.0,887.2(30),11.0,01-10-2018,,
3191E,,4.0,64,0.0,3.0,6.6,910.4(25),2.0,1015.7,904.1,10.3,,15.9,0,0.0,7.0,,0.0,20.0,59.0,0.0,9.0,,107,0.0,2.0,1173.0,30.0,10.0,1.0,0,8.5,0.0,14.8,19.2,0.0,891.8(19),6.0,01-10-2019,,
3191E,,7.0,65,0.0,7.0,6.9,913.1(29),3.0,1017.1,904.2,7.9,,14.6,0,0.0,7.0,,2.0,17.0,62.0,0.0,8.0,,91,1.0,4.0,1095.0,97.1,9.0,1.0,0,10.5,0.0,12.1,16.3,0.0,882.5(02),6.0,01-10-2020,,
3191E,,5.0,60,0.0,4.0,7.5,912.8(19),1.0,1017.4,905.6,10.5,,14.2,0,0.0,13.0,,1.0,13.0,67.0,0.0,5.0,,103,1.0,3.0,1253.0,69.1,5.0,0.0,0,12.1,0.0,15.1,19.6,0.0,892.1(30),5.0,01-10-2021,,
3191E,,9.0,67,0.0,0.0,5.3,913.6(02),2.0,1018.2,907.0,13.0,,17.2,0,0.0,5.0,,1.0,17.0,47.0,0.0,11.0,,123,0.0,0.0,1245.0,70.4,13.0,3.0,0,13.2,0.0,16.8,20.5,0.0,898.9(22),7.0,01-10-2022,,
3191E,,11.0,68,0.0,9.0,5.6,914.7(04),5.0,1013.8,902.8,12.4,,19.4,0,0.0,7.0,,3.0,13.0,49.0,0.0,17.0,,119,2.0,5.0,1188.0,146.9,18.0,0.0,0,10.4,0.0,15.9,19.3,0.0,880.0(19),12.0,01-10-2023,9.0,
3191E,,10.0,76,1.0,6.0,4.3,913.0(22),5.0,1014.8,903.1,10.3,,15.0,0,0.0,1.0,,4.0,20.0,39.0,1.0,14.0,,124,1.0,2.0,803.0,124.4,16.0,1.0,0,10.3,0.0,14.1,17.9,0.0,890.0(09),12.0,01-10-2024,,
3191E,,4.0,64,0.0,2.0,6.3,914.5(01),7.0,1021.8,906.2,3.1,,8.2,0,0.0,10.0,,0.0,16.0,63.0,1.0,5.0,,64,0.0,0.0,983.0,12.9,3.0,0.0,5,5.2,3.0,7.0,10.8,0.0,897.1(09),3.0,01-11-2001,14.0,
3191E,,8.0,83,1.0,20.0,3.1,914.1(30),9.0,1014.8,900.5,4.9,,10.0,0,0.0,1.0,,6.0,21.0,31.0,0.0,16.0,,88,0.0,11.0,540.0,109.5,17.0,1.0,0,5.7,0.0,7.9,10.8,1.0,874.5(14),12.0,01-11-2002,11.0,
3191E,,12.0,84,0.0,10.0,4.2,912.7(04),,1016.4,902.2,5.0,,8.2,0,1.0,6.0,,5.0,12.0,42.0,,13.0,,93,1.0,4.0,530.0,101.7,12.0,0.0,1,7.3,0.0,8.4,11.7,2.0,878.9(01),7.0,01-11-2003,10.0,
3191E,,2.0,71,0.0,4.0,6.6,913.1(16),,1020.8,906.0,4.7,,9.1,0,0.0,11.0,,1.0,17.0,66.0,,6.0,,79,0.0,1.0,993.0,35.2,6.0,0.0,1,8.0,0.0,8.5,12.2,0.0,889.7(30),5.0,01-11-2004,9.0,
3191E,,9.0,76,0.0,4.0,4.3,915.4(10),,1017.9,902.9,3.6,,8.4,0,0.0,5.0,,3.0,16.0,43.0,,7.0,,77,0.0,1.0,715.0,65.4,6.0,0.0,4,3.5,3.0,6.8,9.9,0.0,886.6(26),6.0,01-11-2005,11.0,
3191E,,13.0,83,0.0,7.0,3.7,915.8(11),,1020.1,906.2,7.6,,13.4,0,0.0,5.0,,7.0,12.0,37.0,,16.0,,105,3.0,7.0,436.0,218.1,19.0,0.0,0,7.9,0.0,10.3,13.0,0.0,889.4(24),14.0,01-11-2006,11.0,
3191E,,2.0,55,0.0,2.0,7.0,913.1(07),,1018.8,904.4,4.2,,9.4,0,0.0,18.0,,2.0,10.0,70.0,,3.0,,62,0.0,2.0,1161.0,59.7,2.0,0.0,1,5.2,1.0,8.9,13.6,0.0,888.6(20),3.0,01-11-2007,7.0,
3191E,,4.0,70,0.0,2.0,5.5,914.2(09),,1017.8,902.5,2.9,,7.7,0,0.0,9.0,,0.0,17.0,56.0,,7.0,,69,0.0,1.0,699.0,12.4,6.0,0.0,6,3.9,3.0,6.5,10.0,0.0,880.8(29),2.0,01-11-2008,11.0,
3191E,,2.0,69,0.0,5.0,5.2,916.0(23),,1017.6,903.7,6.3,,13.7,0,0.0,3.0,,1.0,25.0,52.0,,10.0,,84,0.0,2.0,832.0,18.6,8.0,0.0,2,6.3,2.0,9.8,13.3,0.0,888.4(29),3.0,01-11-2009,,
3191E,,7.0,74,0.0,8.0,5.2,915.5(04),8.0,1012.8,898.3,3.8,,11.9,0,0.0,4.0,,0.0,19.0,52.0,1.0,10.0,,76,0.0,3.0,696.0,27.3,9.0,0.0,5,1.3,2.0,7.1,10.3,0.0,877.4(09),8.0,01-11-2010,,250.0
3191E,,14.0,82,0.0,9.0,3.3,915.1(26),3.0,1017.1,903.1,6.6,,10.7,0,0.0,4.0,,3.0,12.0,34.0,0.0,14.0,,96,0.0,6.0,580.0,115.0,14.0,1.0,0,8.8,0.0,9.5,12.3,0.0,884.0(04),11.0,01-11-2011,,
3191E,,13.0,79,0.0,11.0,3.6,910.6(07),4.0,1014.8,900.6,5.2,,10.3,0,0.0,1.0,,3.0,16.0,36.0,0.0,15.0,,88,0.0,9.0,588.0,77.6,15.0,0.0,1,4.7,1.0,8.1,10.9,0.0,888.4(01),12.0,01-11-2012,,
3191E,,7.0,67,0.0,5.0,5.9,912.8(10),9.0,1019.5,904.6,3.7,,12.4,0,0.0,9.0,,0.0,14.0,60.0,0.0,7.0,,73,0.0,3.0,983.0,11.1,5.0,0.0,8,5.0,3.0,7.7,11.6,1.0,892.6(18),2.0,01-11-2013,,
3191E,,12.0,81,0.0,11.0,3.8,910.0(01),5.0,1010.3,897.0,6.1,,11.1,0,0.0,0.0,,5.0,18.0,38.0,0.0,20.0,,94,1.0,7.0,504.0,119.5,22.0,1.0,0,7.7,0.0,9.2,12.1,0.0,874.5(28),12.0,01-11-2014,,
3191E,,7.0,71,0.0,3.0,6.6,919.4(30),6.0,1024.0,910.1,7.6,,12.2,0,0.0,15.0,,2.0,8.0,67.0,0.0,5.0,,98,0.0,2.0,879.0,46.2,5.0,0.0,0,7.2,1.0,11.4,15.2,0.0,897.3(02),4.0,01-11-2015,,
3191E,,14.0,78,0.0,7.0,4.5,913.1(15),3.0,1016.2,901.9,4.8,,10.1,0,0.0,6.0,,4.0,10.0,45.0,0.0,15.0,,85,0.0,4.0,529.0,98.0,14.0,0.0,0,3.7,1.0,8.1,11.3,1.0,887.4(21),11.0,01-11-2016,,
3191E,,6.0,61,0.0,0.0,6.8,913.7(26),,1020.2,905.7,5.1,,10.5,0,0.0,12.0,,1.0,12.0,69.0,,5.0,,72,0.0,0.0,982.0,23.5,5.0,2.0,2,6.6,0.0,9.4,13.6,0.0,893.4(29),2.0,01-11-2017,8.0,
3191E,,10.0,85,0.0,12.0,3.7,910.7(13),2.0,1015.0,900.8,5.2,,10.1,0,1.0,0.0,,2.0,19.0,37.0,0.0,22.0,,93,0.0,6.0,409.0,88.9,22.0,0.0,1,5.3,0.0,8.2,11.2,0.0,887.2(20),17.0,01-11-2018,,
3191E,,11.0,78,0.0,9.0,3.7,909.3(01),9.0,1011.8,897.5,4.3,,13.0,0,0.0,1.0,,1.0,18.0,37.0,0.0,20.0,,82,0.0,6.0,555.0,60.1,21.0,0.0,1,5.3,0.0,7.3,10.3,0.0,879.7(22),14.0,01-11-2019,,
3191E,,14.0,80,0.0,6.0,4.1,917.1(19),3.0,1021.2,907.2,7.2,,10.7,0,0.0,5.0,,3.0,11.0,41.0,0.0,13.0,,100,0.0,5.0,681.0,73.5,13.0,1.0,0,8.3,0.0,10.2,13.1,0.0,892.0(28),10.0,01-11-2020,,
3191E,,6.0,66,0.0,1.0,6.6,912.2(19),5.0,1017.0,902.3,3.5,,7.3,0,0.0,10.0,,0.0,14.0,66.0,0.0,6.0,,69,0.0,1.0,1029.0,17.4,7.0,0.0,2,3.9,2.0,7.4,11.3,0.0,890.0(27),3.0,01-11-2021,,
3191E,,9.0,79,0.0,9.0,4.5,914.3(25),5.0,1019.2,905.1,6.5,,10.5,0,0.0,3.0,,0.0,18.0,45.0,0.0,16.0,,96,0.0,6.0,574.0,45.0,19.0,1.0,0,7.8,0.0,9.8,13.0,0.0,895.7(17),12.0,01-11-2022,,
3191E,,8.0,78,0.0,13.0,5.1,913.0(18),8.0,1017.6,903.8,6.8,,10.3,0,0.0,5.0,,1.0,17.0,52.0,0.0,12.0,,98,1.0,8.0,578.0,61.1,12.0,0.0,0,8.1,0.0,10.0,13.2,0.0,885.8(04),9.0,01-11-2023,,
3191E,,9.0,78,0.0,4.0,4.2,914.4(30),3.0,1021.2,907.4,7.8,,11.3,0,0.0,2.0,,0.0,19.0,42.0,0.0,6.0,,103,0.0,1.0,599.0,14.9,9.0,0.0,0,7.5,0.0,11.0,14.1,0.0,899.0(21),2.0,01-11-2024,,
3191E,,8.0,70,0.0,7.0,5.7,915.7(05),,1023.0,906.0,0.1,,6.8,0,0.0,15.0,,0.0,8.0,61.0,,6.0,,57,0.0,3.0,541.0,12.1,3.0,0.0,16,0.7,2.0,3.6,7.0,1.0,893.5(23),4.0,01-12-2001,7.0,
3191E,,13.0,84,0.0,14.0,3.2,912.3(01),,1018.6,903.2,3.9,,9.8,0,0.0,3.0,,6.0,15.0,34.0,,13.0,,82,0.0,8.0,410.0,113.1,15.0,0.0,0,3.8,0.0,6.4,8.8,3.0,887.1(27),10.0,01-12-2002,12.0,
3191E,,9.0,79,0.0,7.0,4.5,915.3(23),,1020.3,904.4,2.3,,7.8,0,0.0,7.0,,3.0,15.0,48.0,,9.0,,72,0.0,2.0,638.0,80.6,8.0,0.0,6,3.1,1.0,5.4,8.5,1.0,889.9(01),7.0,01-12-2003,11.0,
3191E,,6.0,73,0.0,3.0,4.7,916.1(30),10.0,1020.7,904.9,2.4,,6.6,0,0.0,7.0,,1.0,18.0,50.0,0.0,5.0,,70,0.0,1.0,763.0,23.4,5.0,0.0,7,2.2,2.0,5.9,9.3,0.0,881.8(01),2.0,01-12-2004,14.0,
3191E,,6.0,70,0.0,3.0,6.0,915.3(22),6.0,1020.4,904.2,1.8,,5.8,0,0.0,8.0,,1.0,17.0,64.0,0.0,7.0,,62,0.0,2.0,736.0,24.4,5.0,0.0,6,5.2,2.0,5.1,8.3,0.0,886.8(02),3.0,01-12-2005,11.0,
3191E,,6.0,69,0.0,6.0,5.4,923.5(31),,1026.8,910.2,2.1,,7.0,0,0.0,9.0,,1.0,16.0,58.0,,8.0,,64,0.0,6.0,634.0,33.9,5.0,0.0,6,4.3,1.0,5.4,8.6,0.0,893.0(08),4.0,01-12-2006,10.0,
3191E,,5.0,77,0.0,3.0,5.4,915.8(27),1.0,1025.2,908.7,2.0,,5.6,0,0.0,8.0,,1.0,18.0,58.0,0.0,6.0,,71,0.0,2.0,570.0,20.2,5.0,0.0,5,2.5,2.0,5.5,9.1,0.0,900.1(17),3.0,01-12-2007,7.0,196.0
3191E,,12.0,73,0.0,6.0,4.2,917.0(20),6.0,1018.4,902.6,2.3,,8.7,0,0.0,5.0,,2.0,14.0,45.0,0.0,13.0,,65,1.0,5.0,786.0,64.7,7.0,0.0,9,2.1,8.0,5.4,8.6,1.0,883.2(14),7.0,01-12-2008,8.0,
3191E,,13.0,81,1.0,14.0,3.4,911.9(09),,1011.5,896.3,1.4,,9.0,0,0.0,2.0,,2.0,16.0,36.0,,18.0,,72,1.0,11.0,355.0,101.3,16.0,0.0,10,-0.6,1.0,4.5,7.5,2.0,875.0(24),15.0,01-12-2009,,
3191E,,11.0,77,0.0,8.0,3.9,913.4(10),,1013.6,898.1,1.5,,8.2,0,0.0,5.0,,7.0,15.0,42.0,,15.0,,71,0.0,6.0,381.0,148.5,14.0,0.0,14,3.4,2.0,4.8,8.1,1.0,878.7(23),11.0,01-12-2010,,
3191E,,6.0,72,0.0,6.0,5.5,918.2(26),3.0,1026.6,910.4,2.8,,6.0,0,1.0,10.0,,0.0,15.0,59.0,0.0,6.0,,70,0.0,3.0,685.0,5.2,6.0,0.0,2,4.0,0.0,6.5,10.1,0.0,900.9(16),2.0,01-12-2011,,
3191E,,12.0,79,0.0,14.0,4.3,917.0(27),4.0,1022.1,905.9,2.2,,6.2,0,0.0,7.0,,0.0,11.0,46.0,0.0,9.0,,71,0.0,8.0,432.0,15.4,10.0,0.0,6,2.3,0.0,5.3,8.4,3.0,892.0(01),4.0,01-12-2012,7.0,
3191E,,7.0,68,0.0,5.0,5.8,917.2(15),5.0,1024.7,908.3,2.2,,5.0,0,0.0,17.0,,1.0,7.0,62.0,1.0,7.0,,62,0.0,4.0,715.0,49.8,7.0,0.0,5,3.5,0.0,5.6,9.0,1.0,884.1(25),7.0,01-12-2013,,
3191E,,6.0,67,0.0,2.0,6.0,917.3(29),9.0,1024.0,908.0,2.9,,6.5,0,0.0,9.0,,1.0,16.0,64.0,0.0,5.0,,65,0.0,2.0,853.0,35.4,6.0,0.0,2,6.6,0.0,6.5,10.0,0.0,890.1(01),4.0,01-12-2014,,
3191E,,10.0,77,0.0,3.0,4.5,921.3(09),0.0,1029.4,913.7,5.8,,8.6,0,0.0,7.0,,0.0,14.0,48.0,0.0,5.0,,85,0.0,1.0,573.0,8.3,6.0,0.0,0,6.1,0.0,8.8,11.8,0.0,905.7(14),2.0,01-12-2015,,
3191E,,6.0,78,0.0,1.0,5.0,921.1(24),3.0,1026.5,910.8,4.7,,9.0,0,0.0,9.0,,3.0,16.0,54.0,0.0,6.0,,81,0.0,2.0,597.0,62.9,6.0,0.0,1,5.4,0.0,7.8,10.8,0.0,897.3(03),5.0,01-12-2016,,
3191E,,5.0,69,0.0,6.0,5.7,920.7(21),11.0,1024.2,908.0,2.2,,6.8,0,0.0,11.0,,1.0,15.0,60.0,0.0,11.0,,65,0.0,2.0,787.0,32.1,11.0,0.0,6,4.5,2.0,5.9,9.7,2.0,878.0(11),5.0,01-12-2017,,
3191E,,8.0,75,0.0,9.0,5.1,917.2(22),3.0,1026.3,910.5,4.5,,8.4,0,0.0,8.0,,0.0,14.0,55.0,0.0,7.0,,78,0.0,4.0,665.0,12.5,6.0,0.0,0,5.2,0.0,7.7,10.9,3.0,892.6(13),4.0,01-12-2018,,
3191E,,10.0,76,0.0,8.0,4.3,916.1(30),6.0,1019.2,904.3,4.6,,9.5,0,0.0,7.0,,2.0,14.0,46.0,3.0,13.0,,79,1.0,7.0,726.0,112.4,13.0,0.0,2,4.8,0.0,7.9,11.2,0.0,884.1(20),7.0,01-12-2019,,
3191E,,8.0,77,0.0,9.0,4.5,913.8(21),12.0,1016.2,900.7,2.4,,9.6,0,0.0,2.0,,0.0,21.0,48.0,0.0,20.0,,70,0.0,8.0,643.0,34.0,16.0,0.0,9,4.2,2.0,5.3,8.1,0.0,881.4(04),9.0,01-12-2020,,
3191E,,11.0,75,0.0,7.0,4.8,914.1(31),7.0,1020.8,905.8,4.6,,8.5,0,0.0,5.0,,1.0,15.0,51.0,0.0,11.0,,79,0.0,6.0,733.0,38.0,10.0,0.0,0,6.6,2.0,7.9,11.1,0.0,893.0(25),6.0,01-12-2021,,
3191E,,,91,0.0,18.0,,916.1(27),1.0,1016.2,901.6,5.0,,9.9,0,,,,6.0,,,0.0,17.0,,95,1.0,,190.0,134.5,19.0,0.0,1,7.3,0.0,7.4,9.7,,885.5(15),11.0,01-12-2022,,
3191E,,,73,0.0,7.0,5.5,919.9(17),4.0,1024.4,908.4,3.6,,7.1,0,,,,1.0,,59.0,0.0,6.0,,71,0.0,,613.0,24.0,7.0,0.0,0,5.3,0.0,6.6,9.6,,885.0(01),3.0,01-12-2023,,
3191E,,3.0,69,0.0,3.0,6.1,922.1(16),3.0,1027.0,911.0,3.6,,8.9,0,0.0,9.0,,0.0,19.0,65.0,0.0,3.0,,71,0.0,1.0,729.0,3.3,4.0,0.0,1,4.4,0.0,7.3,10.9,0.0,901.5(11),3.0,01-12-2024,4.0,
