indicativo,p_max,n_cub,hr,n_gra,n_fog,inso,q_max,q_mar,q_med,tm_min,ta_max,ts_min,nt_30,nv_0050,n_des,np_100,n_nub,p_sol,np_001,ta_min,e,np_300,nv_1000,evap,p_mes,n_llu,n_tor,nt_00,ti_max,n_nie,tm_mes,tm_max,nv_0100,q_min,np_010,fecha,nw_55,w_racha,nw_91,w_rec,w_med,ts_20,ts_10,ts_50
3195,,14.0,79.0,0.0,0.0,3.1,949.8(20),1016.7,938.2,4.2,,7.8,0.0,0.0,3.0,3.0,14.0,31.0,20.0,,82.0,0.0,0.0,247.0,73.6,19.0,0.0,0.0,4.3,1.0,7.2,10.2,0.0,923.0(28),13.0,01-01-2001,2.0,,0.0,201.0,9.0,,,
3195,,10.0,76.0,0.0,5.0,3.8,955.5(11),1027.4,948.1,4.0,,8.0,0.0,0.0,3.0,4.0,18.0,38.0,11.0,,78.0,0.0,3.0,267.0,57.4,12.0,0.0,1.0,7.5,0.0,7.2,10.3,0.0,933.4(23),9.0,01-01-2002,0.0,,0.0,132.0,6.0,,,
3195,,8.0,72.0,0.0,1.0,5.2,955.5(27),1021.6,942.4,2.6,,9.7,0.0,0.0,11.0,1.0,12.0,53.0,12.0,,70.0,0.0,2.0,389.0,44.3,11.0,1.0,9.0,2.9,1.0,6.1,9.6,0.0,924.3(05),8.0,01-01-2003,,,,,,,,
3195,,7.0,74.0,0.0,4.0,4.2,950.5(10),1020.2,941.5,3.9,,9.9,0.0,0.0,5.0,0.0,19.0,43.0,2.0,,79.0,0.0,2.0,314.0,5.9,3.0,0.0,3.0,7.4,0.0,7.6,11.3,1.0,931.7(27),1.0,01-01-2004,3.0,,0.0,171.0,6.0,,,
3195,,0.0,64.0,0.0,0.0,7.4,959.4(06),1027.7,947.9,1.0,,5.6,0.0,0.0,16.0,0.0,15.0,77.0,1.0,,61.0,0.0,0.0,464.0,0.3,0.0,0.0,8.0,2.4,1.0,5.8,10.5,0.0,934.2(27),0.0,01-01-2005,2.0,,0.0,163.0,5.0,,,
3195,,10.0,72.0,0.0,0.0,4.3,953.1(11),1020.9,941.6,2.6,,5.9,0.0,0.0,5.0,2.0,16.0,44.0,9.0,,67.0,0.0,0.0,303.0,35.6,7.0,0.0,5.0,2.6,2.0,5.6,8.5,0.0,927.0(06),3.0,01-01-2006,0.0,,0.0,162.0,6.0,,,
3195,,8.0,74.0,0.0,5.0,3.9,960.8(02),1027.6,948.0,3.2,,6.5,0.0,0.0,4.0,0.0,19.0,41.0,2.0,,73.0,0.0,3.0,289.0,11.9,3.0,0.0,4.0,4.5,1.0,6.5,9.8,0.0,924.8(25),2.0,01-01-2007,,,,,,,,
3195,,7.0,76.0,0.0,3.0,,957.4(27),1024.2,945.3,4.6,,8.6,0.0,0.0,10.0,1.0,14.0,,10.0,,82.0,0.0,1.0,288.0,25.2,10.0,0.0,2.0,6.0,0.0,8.0,11.4,0.0,917.7(03),5.0,01-01-2008,2.0,,0.0,141.0,4.0,,,
3195,,11.0,,0.0,7.0,,951.6(11),1017.0,937.9,2.3,,10.7,0.0,0.0,4.0,0.0,16.0,,14.0,,71.0,0.0,3.0,297.0,29.8,11.0,0.0,11.0,1.0,4.0,5.2,8.1,0.0,922.8(25),8.0,01-01-2009,3.0,,0.0,193.0,9.0,,,
3195,,13.0,,0.0,2.0,,946.6(17),1015.7,936.8,2.8,,8.4,0.0,0.0,1.0,1.0,17.0,,14.0,,71.0,0.0,1.0,257.0,61.0,11.0,0.0,7.0,0.1,4.0,5.4,8.0,0.0,920.3(07),9.0,01-01-2010,4.0,,0.0,161.0,8.0,,,
3195,,11.0,,0.0,2.0,,952.9(17),1019.7,940.8,3.2,,8.4,0.0,0.0,9.0,1.0,11.0,,10.0,,77.0,0.0,1.0,311.0,40.7,10.0,0.0,6.0,4.2,0.0,6.4,9.5,0.0,921.8(27),8.0,01-01-2011,1.0,,0.0,131.0,5.0,,,
3195,,4.0,,0.0,0.0,,959.0(19),1027.3,947.8,2.3,,5.8,0.0,0.0,16.0,0.0,11.0,,3.0,,66.0,0.0,0.0,432.0,6.5,5.0,0.0,3.0,5.3,0.0,6.7,11.2,0.0,933.9(16),2.0,01-01-2012,0.0,,0.0,125.0,5.0,,,
3195,,9.0,,0.0,3.0,,959.8(03),1021.4,942.3,3.1,,8.6,0.0,0.0,4.0,0.0,18.0,,11.0,,71.0,0.0,1.0,363.0,26.3,9.0,0.0,1.0,4.0,2.0,6.5,9.9,0.0,907.3(19),6.0,01-01-2013,4.0,,0.0,201.0,6.0,,,
3195,,12.0,,0.0,0.0,,950.0(26),1015.7,937.4,5.0,,9.8,0.0,0.0,0.0,2.0,19.0,,14.0,,82.0,0.0,0.0,365.0,63.7,15.0,0.0,0.0,6.5,0.0,8.0,11.0,0.0,918.1(18),11.0,01-01-2014,3.0,,0.0,211.0,8.0,,,
3195,,4.0,,0.0,0.0,,963.1(09),1025.2,945.7,1.6,,9.6,0.0,0.0,14.0,0.0,13.0,,4.0,,64.0,0.0,0.0,443.0,17.0,5.0,0.0,4.0,3.5,1.0,6.2,10.8,0.0,917.2(31),3.0,01-01-2015,2.0,,0.0,130.0,5.0,,,
3195,,13.0,78.0,0.0,2.0,,956.4(31),1022.5,943.9,5.3,,10.4,0.0,0.0,3.0,1.0,15.0,,13.0,,90.0,0.0,1.0,287.0,34.2,13.0,0.0,1.0,7.0,0.0,8.4,11.5,0.0,925.6(04),6.0,01-01-2016,3.0,,0.0,147.0,6.0,,,
3195,,8.0,67.0,0.0,0.0,,954.1(14),1023.1,943.8,1.8,,8.2,0.0,0.0,10.0,1.0,13.0,,3.0,,65.0,0.0,0.0,345.0,21.5,4.0,0.0,11.0,4.0,0.0,6.0,10.1,0.0,930.2(27),3.0,01-01-2017,3.0,,0.0,102.0,4.0,,,
3195,,9.0,72.0,0.0,1.0,,958.0(28),1023.9,944.8,3.5,,7.8,0.0,0.0,10.0,2.0,12.0,,7.0,,73.0,0.0,0.0,350.0,50.4,6.0,0.0,3.0,4.7,1.0,7.2,10.8,0.0,919.5(07),6.0,01-01-2018,0.0,,0.0,171.0,7.0,,,
3195,,4.0,59.0,0.0,0.0,,955.2(05),1021.7,942.6,2.0,,8.7,0.0,0.0,14.0,0.0,13.0,,4.0,,57.0,0.0,0.0,504.0,18.6,5.0,0.0,7.0,4.4,0.0,6.5,11.1,0.0,921.8(31),3.0,01-01-2019,3.0,,0.0,136.0,6.0,,,
3195,,8.0,66.0,0.0,1.0,,955.9(04),1027.0,947.5,3.6,,9.9,0.0,0.0,11.0,0.0,9.0,,12.0,,67.0,0.0,1.0,358.0,16.4,12.0,0.0,3.0,5.7,0.0,7.0,10.4,0.0,938.2(25),6.0,01-01-2020,3.0,,0.0,160.0,6.0,,,
3195,,,77.0,0.0,1.0,,,,,1.2,,9.7,0.0,,,2.0,,,8.0,,69.0,1.0,,,70.0,5.0,0.0,18.0,0.3,3.0,4.4,7.5,,,8.0,01-01-2021,,,,,,,,
3195,,5.0,59.0,0.0,0.0,,955.5(29),1027.4,948.0,2.6,,6.9,0.0,,18.0,0.0,8.0,,2.0,,60.0,0.0,,,12.3,2.0,0.0,3.0,7.6,0.0,7.1,11.6,,931.7(04),2.0,01-01-2022,,,,,,,,
3195,,4.0,68.0,0.0,0.0,,956.6(04),1024.0,944.7,2.5,,9.0,0.0,,11.0,0.0,16.0,,8.0,,67.0,0.0,,,11.7,8.0,0.0,7.0,5.7,0.0,6.3,10.0,,923.5(17),2.0,01-01-2023,3.0,,0.0,189.0,8.0,,,
3195,,11.0,79.0,0.0,0.0,,960.4(24),1023.3,944.6,5.2,,11.1,0.0,,6.0,2.0,14.0,,11.0,,88.0,0.0,,,58.9,11.0,0.0,2.0,6.2,0.0,8.4,11.6,,925.1(17),9.0,01-01-2024,0.0,,0.0,147.0,6.0,,,
3195,,3.0,67.0,0.0,0.0,6.3,957.9(11),1021.1,942.6,4.2,,8.8,0.0,0.0,9.0,1.0,16.0,59.0,8.0,,77.0,0.0,0.0,452.0,31.7,7.0,0.0,1.0,8.5,1.0,8.5,12.8,0.0,924.7(27),5.0,01-02-2001,2.0,,0.0,198.0,8.0,,,
3195,,4.0,65.0,0.0,2.0,6.6,954.7(19),1023.6,945.1,4.4,,7.9,0.0,0.0,12.0,1.0,12.0,62.0,3.0,,77.0,0.0,2.0,467.0,14.3,3.0,0.0,0.0,8.7,0.0,9.0,13.6,0.0,931.9(28),3.0,01-02-2002,2.0,,0.0,163.0,7.0,,,
3195,,10.0,68.0,0.0,1.0,4.1,951.0(28),1019.0,940.2,3.1,,7.5,0.0,0.0,5.0,2.0,13.0,39.0,9.0,,69.0,0.0,0.0,354.0,47.8,9.0,0.0,6.0,2.0,1.0,6.8,10.5,1.0,926.2(19),6.0,01-02-2003,,,,,,,,
3195,,7.0,68.0,0.0,3.0,4.9,957.1(04),1019.7,941.2,3.9,,9.0,0.0,0.0,10.0,3.0,12.0,46.0,8.0,,74.0,0.0,2.0,385.0,64.0,6.0,0.0,1.0,4.6,2.0,8.1,12.2,0.0,916.9(21),6.0,01-02-2004,1.0,,0.0,172.0,6.0,,,
3195,,4.0,62.0,0.0,0.0,6.8,959.9(10),1019.4,940.1,0.9,,3.6,0.0,0.0,13.0,2.0,11.0,63.0,7.0,,57.0,0.0,0.0,471.0,41.0,3.0,1.0,11.0,3.2,4.0,5.2,9.6,0.0,924.3(22),5.0,01-02-2005,6.0,,0.0,213.0,7.0,,,
3195,,8.0,64.0,0.0,0.0,5.8,947.6(07),1015.7,937.1,2.3,,6.9,0.0,0.0,10.0,2.0,10.0,55.0,7.0,,64.0,0.0,0.0,385.0,35.2,6.0,1.0,2.0,5.2,3.0,6.7,11.1,0.0,920.5(26),3.0,01-02-2006,1.0,,0.0,181.0,7.0,,,
3195,,9.0,73.0,0.0,1.0,4.2,950.4(27),1018.7,940.7,5.7,,9.8,0.0,0.0,2.0,1.0,17.0,39.0,13.0,,86.0,0.0,0.0,354.0,32.2,13.0,1.0,0.0,7.2,0.0,9.3,12.8,0.0,929.2(08),5.0,01-02-2007,,,,,,,,
3195,,10.0,,0.0,0.0,,954.0(06),1024.5,946.0,5.6,,8.9,0.0,0.0,6.0,1.0,13.0,,10.0,,84.0,0.0,0.0,401.0,32.1,11.0,0.0,0.0,8.2,0.0,9.3,13.0,0.0,931.7(03),6.0,01-02-2008,0.0,,0.0,150.0,6.0,,,
3195,,6.0,,0.0,0.0,,951.1(22),1015.1,937.0,3.4,,8.0,0.0,0.0,12.0,1.0,10.0,,8.0,,71.0,0.0,0.0,459.0,41.5,5.0,0.0,0.0,4.0,3.0,7.9,12.4,0.0,911.5(01),6.0,01-02-2009,1.0,,0.0,170.0,7.0,,,
3195,,11.0,,0.0,0.0,,946.2(02),1008.4,930.3,3.1,,8.5,0.0,0.0,3.0,5.0,14.0,,18.0,,70.0,0.0,0.0,343.0,112.3,17.0,0.0,4.0,2.2,1.0,6.4,9.8,0.0,912.4(17),13.0,01-02-2010,3.0,,0.0,205.0,8.0,,,
3195,,4.0,,0.0,1.0,,956.1(04),1021.1,942.7,3.7,,10.0,0.0,0.0,8.0,1.0,16.0,,9.0,,72.0,0.0,0.0,519.0,30.4,8.0,0.0,3.0,7.6,1.0,8.5,13.2,0.0,917.6(17),4.0,01-02-2011,3.0,,0.0,154.0,7.0,,,
3195,,0.0,,0.0,0.0,,952.8(05),1024.8,945.4,0.8,,7.6,0.0,0.0,15.0,0.0,14.0,,2.0,,47.0,0.0,0.0,694.0,5.6,2.0,0.0,12.0,3.6,0.0,6.2,11.7,0.0,934.0(01),1.0,01-02-2012,6.0,,0.0,207.0,7.0,,,
3195,,8.0,,0.0,1.0,,952.2(04),1018.5,939.8,3.2,,7.3,0.0,0.0,4.0,0.0,16.0,,11.0,,66.0,0.0,1.0,493.0,21.5,9.0,0.0,3.0,5.2,2.0,6.9,10.6,0.0,923.0(23),7.0,01-02-2013,3.0,,0.0,221.0,8.0,,,
3195,,11.0,,0.0,1.0,,949.4(26),1016.8,938.3,3.8,,9.4,0.0,0.0,2.0,1.0,15.0,,14.0,,77.0,0.0,0.0,395.0,50.2,12.0,0.0,0.0,4.6,2.0,7.3,10.7,0.0,916.5(10),11.0,01-02-2014,5.0,,0.0,227.0,9.0,,,
3195,,4.0,,0.0,0.0,,952.9(18),1019.5,940.7,3.3,,7.4,0.0,0.0,5.0,0.0,19.0,,5.0,,63.0,0.0,0.0,533.0,21.5,5.0,0.0,3.0,3.4,0.0,7.0,10.7,0.0,920.9(03),5.0,01-02-2015,2.0,,0.0,210.0,9.0,,,
3195,,10.0,67.0,0.0,0.0,,958.2(04),1019.7,941.3,4.5,,11.6,0.0,0.0,9.0,1.0,10.0,,10.0,,77.0,0.0,0.0,498.0,39.3,10.0,0.0,1.0,8.2,0.0,8.4,12.2,0.0,917.7(27),9.0,01-02-2016,7.0,,0.0,211.0,9.0,,,
3195,,10.0,69.0,0.0,0.0,,953.9(16),1019.4,941.3,5.5,,9.9,0.0,0.0,3.0,1.0,15.0,,10.0,,81.0,0.0,0.0,440.0,44.8,10.0,1.0,0.0,5.8,0.0,9.2,12.8,0.0,923.7(13),7.0,01-02-2017,3.0,,1.0,153.0,6.0,,,
3195,,7.0,59.0,0.0,0.0,,948.5(15),1015.1,936.5,2.0,,7.3,0.0,0.0,5.0,4.0,16.0,,7.0,,58.0,0.0,0.0,500.0,73.0,4.0,0.0,8.0,2.8,3.0,6.3,10.6,0.0,915.0(28),5.0,01-02-2018,0.0,,0.0,203.0,9.0,,,
3195,,1.0,51.0,0.0,0.0,,954.5(25),1024.6,946.0,4.1,,8.1,0.0,0.0,18.0,0.0,9.0,,1.0,,61.0,0.0,0.0,607.0,1.0,1.0,0.0,2.0,7.5,0.0,9.4,14.6,0.0,916.0(01),1.0,01-02-2019,1.0,,0.0,118.0,5.0,,,
3195,,6.0,60.0,0.0,1.0,,956.2(23),1026.3,948.1,6.5,,10.6,0.0,0.0,10.0,0.0,13.0,,0.0,,78.0,0.0,0.0,528.0,0.0,1.0,0.0,0.0,10.2,0.0,10.9,15.2,0.0,935.8(29),0.0,01-02-2020,0.0,,0.0,112.0,5.0,,,
3195,,,70.0,0.0,0.0,,,,,6.5,,9.1,0.0,,,3.0,,,12.0,,87.0,0.0,,,50.0,12.0,1.0,0.0,9.1,0.0,10.2,13.9,,,7.0,01-02-2021,,,,,,,,
3195,,6.0,54.0,0.0,0.0,,952.4(08),1024.2,946.0,5.2,,7.1,0.0,,12.0,0.0,10.0,,5.0,,67.0,0.0,,,8.7,5.0,0.0,0.0,9.6,0.0,10.2,15.1,,937.4(18),3.0,01-02-2022,,,,,,,,
3195,,2.0,52.0,0.0,0.0,,958.2(10),1024.9,945.9,3.1,,9.1,0.0,,14.0,0.0,12.0,,3.0,,54.0,0.0,,,1.6,2.0,0.0,2.0,6.7,1.0,7.7,12.3,,927.3(25),1.0,01-02-2023,0.0,,0.0,174.0,7.0,,,
3195,,7.0,,0.0,0.0,,957.3(01),1021.0,941.8,6.0,,11.1,0.0,,6.0,0.0,16.0,,8.0,,86.0,0.0,,,21.9,8.0,0.0,0.0,8.3,0.0,10.1,14.2,,911.3(09),4.0,01-02-2024,2.0,,0.0,195.0,8.0,,,
3195,,11.0,74.0,0.0,0.0,5.0,945.4(13),1011.9,935.2,8.2,,12.5,0.0,0.0,2.0,3.0,18.0,41.0,14.0,,107.0,0.0,0.0,512.0,72.1,14.0,1.0,0.0,6.4,0.0,12.3,16.2,0.0,911.4(02),10.0,01-03-2001,6.0,,0.0,240.0,11.0,,,
3195,,12.0,63.0,1.0,1.0,5.8,951.4(21),1016.1,938.8,6.7,,11.5,0.0,0.0,8.0,1.0,11.0,48.0,7.0,,83.0,0.0,1.0,650.0,51.2,8.0,1.0,0.0,5.0,0.0,11.3,15.8,0.0,927.8(01),5.0,01-03-2002,2.0,,0.0,169.0,7.0,,,
3195,,9.0,58.0,0.0,0.0,6.2,950.1(16),1019.4,942.1,7.7,,12.3,0.0,0.0,7.0,2.0,15.0,52.0,6.0,,83.0,0.0,0.0,696.0,40.2,8.0,0.0,0.0,11.2,0.0,12.3,16.9,0.0,927.5(30),4.0,01-03-2003,,,,,,,,
3195,,11.0,64.0,0.0,0.0,5.0,953.1(03),1020.1,941.9,5.1,,9.6,0.0,0.0,4.0,3.0,16.0,42.0,12.0,,78.0,0.0,0.0,544.0,60.5,13.0,0.0,3.0,5.5,1.0,9.4,13.7,0.0,924.6(29),7.0,01-03-2004,0.0,,0.0,210.0,8.0,,,
3195,,7.0,54.0,0.0,0.0,7.5,952.6(17),1017.0,939.5,5.7,,13.4,0.0,0.0,4.0,0.0,20.0,63.0,5.0,,76.0,0.0,0.0,717.0,9.7,6.0,0.0,7.0,5.5,0.0,10.9,16.1,0.0,928.9(01),2.0,01-03-2005,2.0,,0.0,201.0,7.0,,,
3195,,7.0,63.0,0.0,1.0,7.0,950.3(06),1015.4,938.1,6.6,,10.7,0.0,0.0,4.0,2.0,20.0,59.0,10.0,,85.0,0.0,0.0,637.0,33.7,11.0,1.0,2.0,7.5,0.0,11.3,15.9,0.0,923.0(04),4.0,01-03-2006,,,,,,,,
3195,,3.0,56.0,0.0,0.0,7.8,956.7(10),1019.9,941.9,5.3,,8.8,0.0,0.0,6.0,0.0,22.0,66.0,6.0,,71.0,0.0,0.0,729.0,17.6,6.0,0.0,0.0,9.3,0.0,10.1,14.9,0.0,930.6(19),5.0,01-03-2007,4.0,,0.0,185.0,8.0,,,
3195,,2.0,,0.0,0.0,,948.6(04),1015.8,938.4,5.5,,9.8,0.0,0.0,5.0,0.0,24.0,,3.0,,73.0,0.0,0.0,812.0,5.6,4.0,0.0,1.0,9.1,0.0,10.9,16.3,0.0,918.1(22),2.0,01-03-2008,,,,,,,,
3195,,5.0,,1.0,0.0,,949.4(17),1015.5,938.5,6.6,,11.4,0.0,0.0,15.0,0.0,11.0,,7.0,,73.0,0.0,0.0,941.0,9.6,6.0,0.0,0.0,9.6,0.0,12.4,18.2,0.0,917.2(05),5.0,01-03-2009,3.0,,0.0,193.0,8.0,,,
3195,,10.0,,1.0,0.0,,949.2(17),1017.0,939.0,5.0,,11.6,0.0,0.0,4.0,1.0,17.0,,12.0,,75.0,1.0,0.0,570.0,59.7,10.0,0.0,4.0,5.0,1.0,9.3,13.6,0.0,927.5(08),7.0,01-03-2010,2.0,,0.0,190.0,8.0,,,
3195,,11.0,,0.0,0.0,,950.5(31),1018.0,940.2,5.8,,10.6,0.0,0.0,5.0,2.0,15.0,,14.0,,82.0,0.0,0.0,626.0,50.3,14.0,0.0,0.0,6.4,1.0,10.0,14.1,0.0,922.8(14),9.0,01-03-2011,1.0,,0.0,200.0,8.0,,,
3195,,4.0,,0.0,0.0,,955.0(10),1023.6,945.9,6.2,,10.5,0.0,0.0,8.0,1.0,19.0,,2.0,,64.0,0.0,0.0,1163.0,22.2,1.0,0.0,0.0,5.6,1.0,11.9,17.6,0.0,932.4(31),2.0,01-03-2012,1.0,,0.0,165.0,7.0,,,
3195,,14.0,,0.0,0.0,,941.0(20),1007.8,930.5,5.7,,9.6,0.0,0.0,1.0,3.0,16.0,,20.0,,85.0,0.0,0.0,456.0,99.9,20.0,0.0,0.0,8.0,0.0,9.4,13.1,0.0,919.6(05),17.0,01-03-2013,7.0,,0.0,248.0,9.0,,,
3195,,5.0,,0.0,0.0,,950.9(15),1017.6,940.2,6.5,,11.0,0.0,0.0,9.0,1.0,17.0,,6.0,,77.0,0.0,0.0,888.0,22.8,6.0,0.0,0.0,11.6,0.0,11.6,16.6,0.0,926.2(29),2.0,01-03-2014,4.0,,0.0,195.0,7.0,,,
3195,,8.0,,0.0,1.0,,955.8(05),1020.1,942.6,6.5,,13.0,0.0,0.0,7.0,1.0,16.0,,6.0,,76.0,0.0,1.0,875.0,36.6,7.0,0.0,0.0,8.5,0.0,11.8,17.1,0.0,923.7(24),5.0,01-03-2015,1.0,,0.0,189.0,8.0,,,
3195,,3.0,58.0,0.0,0.0,,949.0(01),1016.0,938.3,4.5,,9.0,0.0,0.0,5.0,2.0,23.0,,10.0,,72.0,0.0,0.0,794.0,42.7,12.0,0.0,0.0,10.5,0.0,9.6,14.7,0.0,926.0(04),4.0,01-03-2016,3.0,,0.0,173.0,8.0,,,
3195,,7.0,60.0,0.0,1.0,,951.1(08),1019.2,942.0,6.7,,11.0,0.0,0.0,7.0,0.0,17.0,,7.0,,84.0,0.0,2.0,786.0,19.2,6.0,0.0,2.0,5.3,1.0,12.2,17.6,0.0,924.9(03),6.0,01-03-2017,5.0,,0.0,138.0,6.0,,,
3195,,11.0,67.0,1.0,0.0,,948.3(27),1008.7,931.3,5.1,,9.4,0.0,0.0,2.0,6.0,17.0,,21.0,,76.0,0.0,0.0,529.0,140.7,19.0,0.0,1.0,8.5,2.0,8.9,12.6,0.0,907.3(01),18.0,01-03-2018,7.0,,0.0,266.0,12.0,,,
3195,,1.0,47.0,0.0,0.0,,954.8(09),1022.2,944.7,6.7,,10.0,0.0,0.0,13.0,0.0,17.0,,2.0,,69.0,0.0,0.0,1048.0,9.8,2.0,1.0,0.0,12.0,0.0,12.4,18.1,0.0,926.7(06),2.0,01-03-2019,1.0,,0.0,168.0,8.0,,,
3195,,,56.0,0.0,0.0,,,,,6.8,,12.5,0.0,,,1.0,,,10.0,,75.0,0.0,,632.0,57.3,10.0,1.0,0.0,9.3,0.0,11.4,16.0,,,8.0,01-03-2020,3.0,,0.0,191.0,8.0,,,
3195,,,51.0,0.0,0.0,,,,,6.3,,11.8,0.0,,,0.0,,,1.0,,66.0,0.0,,,3.4,1.0,0.0,0.0,9.7,0.0,11.3,16.1,,,1.0,01-03-2021,,,,,,,,
3195,,24.0,69.0,,,,948.3(01),1017.1,939.3,6.7,,9.9,0.0,,0.0,,7.0,,,,86.0,,,,,,,0.0,10.7,,10.0,13.3,,925.8(30),,01-03-2022,,,,,,,,
3195,,4.0,53.0,0.0,0.0,,947.5(28),1018.0,940.9,7.4,,11.5,0.0,,9.0,1.0,18.0,,6.0,,77.0,0.0,,,22.0,6.0,0.0,2.0,6.2,0.0,12.7,17.9,,931.9(07),4.0,01-03-2023,2.0,,0.0,193.0,9.0,,,
3195,,12.0,,1.0,1.0,,948.5(16),1010.0,933.3,7.2,,13.7,0.0,,2.0,3.0,17.0,,15.0,,91.0,0.0,,,65.1,14.0,0.0,0.0,8.7,0.0,11.7,16.2,,915.9(25),11.0,01-03-2024,3.0,,0.0,229.0,10.0,,,
3195,,4.0,56.0,0.0,0.0,9.2,950.1(09),1016.3,939.7,7.8,,11.6,0.0,0.0,7.0,1.0,19.0,69.0,5.0,,91.0,0.0,0.0,940.0,20.7,5.0,0.0,0.0,14.3,0.0,13.7,19.6,0.0,927.3(29),3.0,01-04-2001,1.0,,0.0,224.0,10.0,,,
3195,,5.0,52.0,0.0,0.0,8.4,951.1(22),1012.1,935.8,8.1,,14.2,0.0,0.0,8.0,2.0,17.0,62.0,8.0,,82.0,0.0,0.0,875.0,47.1,10.0,1.0,0.0,10.6,0.0,13.7,19.3,0.0,913.4(11),7.0,01-04-2002,0.0,,0.0,177.0,7.0,,,
3195,,10.0,60.0,0.0,0.0,6.6,945.9(17),1012.9,936.5,8.4,,13.1,0.0,0.0,5.0,2.0,15.0,50.0,10.0,,93.0,0.0,0.0,711.0,39.2,10.0,1.0,0.0,11.7,0.0,13.4,18.4,0.0,926.3(13),5.0,01-04-2003,,,,,,,,
3195,,6.0,58.0,0.0,0.0,8.0,950.5(03),1012.9,936.2,7.0,,13.0,0.0,0.0,7.0,1.0,17.0,60.0,8.0,,86.0,0.0,0.0,812.0,45.9,8.0,1.0,0.0,9.4,0.0,12.4,17.7,0.0,923.4(29),4.0,01-04-2004,1.0,,0.0,222.0,8.0,,,
3195,,6.0,52.0,0.0,0.0,8.9,949.7(10),1014.8,938.5,8.7,,15.7,0.0,0.0,8.0,1.0,16.0,67.0,4.0,,85.0,0.0,0.0,961.0,13.9,5.0,3.0,0.0,12.6,0.0,14.3,19.9,0.0,928.5(14),2.0,01-04-2005,3.0,,0.0,226.0,9.0,,,
3195,,7.0,56.0,1.0,0.0,8.4,945.1(02),1013.0,936.9,9.4,,14.1,0.0,0.0,8.0,1.0,15.0,63.0,6.0,,96.0,0.0,0.0,791.0,45.6,6.0,1.0,0.0,14.5,0.0,14.9,20.3,0.0,928.9(04),6.0,01-04-2006,2.0,,0.0,207.0,8.0,,,
3195,,8.0,66.0,2.0,0.0,6.1,946.5(22),1015.2,938.5,8.5,,13.1,0.0,0.0,2.0,2.0,20.0,46.0,20.0,,100.0,0.0,0.0,596.0,88.5,19.0,4.0,0.0,11.2,0.0,13.2,17.9,0.0,931.3(01),10.0,01-04-2007,0.0,,0.0,124.0,5.0,,,
3195,,6.0,,2.0,0.0,,950.5(25),1011.7,935.5,8.7,,14.0,0.0,0.0,8.0,4.0,16.0,,9.0,,90.0,0.0,0.0,819.0,66.1,9.0,2.0,0.0,11.5,0.0,14.0,19.4,0.0,915.4(18),8.0,01-04-2008,3.0,,0.0,220.0,9.0,,,
3195,,6.0,,0.0,0.0,,946.1(21),1013.5,936.8,6.7,,10.9,0.0,0.0,5.0,0.0,19.0,,10.0,,80.0,0.0,0.0,810.0,17.8,12.0,0.0,0.0,12.8,0.0,12.6,18.4,0.0,927.3(10),8.0,01-04-2009,0.0,,0.0,184.0,8.0,,,
3195,,8.0,,1.0,0.0,,949.2(05),1015.2,938.8,9.1,,15.8,0.0,0.0,5.0,2.0,17.0,,10.0,,101.0,0.0,0.0,747.0,47.8,9.0,0.0,0.0,10.0,0.0,14.3,19.6,0.0,927.8(12),8.0,01-04-2010,0.0,,0.0,165.0,7.0,,,
3195,,9.0,,0.0,0.0,,950.5(07),1013.9,938.2,11.3,,13.8,0.0,0.0,11.0,1.0,10.0,,8.0,,106.0,0.0,0.0,944.0,57.7,8.0,2.0,0.0,15.2,0.0,16.7,22.2,0.0,924.5(29),6.0,01-04-2011,1.0,,0.0,177.0,7.0,,,
3195,,9.0,,1.0,0.0,,943.2(16),1009.7,932.8,7.1,,10.5,0.0,0.0,3.0,3.0,18.0,,17.0,,85.0,0.0,0.0,701.0,61.0,17.0,0.0,0.0,10.0,0.0,11.6,16.1,0.0,926.3(14),9.0,01-04-2012,2.0,,0.0,218.0,10.0,,,
3195,,9.0,,0.0,0.0,,946.6(19),1014.4,937.7,7.6,,13.5,0.0,0.0,5.0,3.0,16.0,,8.0,,87.0,0.0,0.0,858.0,52.9,9.0,0.0,0.0,8.6,0.0,12.8,17.9,0.0,923.0(01),5.0,01-04-2013,1.0,,0.0,257.0,10.0,,,
3195,,6.0,,0.0,0.0,,944.5(25),1013.6,937.8,10.6,,15.0,0.0,0.0,4.0,2.0,20.0,,10.0,,107.0,0.0,0.0,911.0,58.5,10.0,1.0,0.0,13.2,0.0,16.2,21.8,0.0,923.4(02),7.0,01-04-2014,0.0,,0.0,196.0,7.0,,,
3195,,9.0,,0.0,0.0,,951.0(01),1017.8,941.4,9.8,,12.7,0.0,0.0,2.0,2.0,19.0,,5.0,,88.0,0.0,0.0,1021.0,47.1,5.0,1.0,0.0,10.8,0.0,15.1,20.3,0.0,928.1(26),4.0,01-04-2015,2.0,,0.0,192.0,8.0,,,
3195,,10.0,63.0,0.0,0.0,,947.6(30),1013.2,936.5,7.5,,11.0,0.0,0.0,4.0,4.0,16.0,,13.0,,93.0,0.0,0.0,750.0,93.2,14.0,0.0,0.0,9.9,0.0,12.3,17.1,0.0,924.3(04),13.0,01-04-2016,1.0,,0.0,166.0,8.0,,,
3195,,5.0,45.0,0.0,0.0,,949.2(22),1016.8,940.7,9.5,,14.0,0.0,0.0,13.0,0.0,12.0,,6.0,,83.0,0.0,0.0,1340.0,12.4,6.0,0.0,0.0,12.4,0.0,16.0,22.5,0.0,929.6(25),4.0,01-04-2017,1.0,,0.0,157.0,7.0,,,
3195,,11.0,60.0,1.0,0.0,,947.2(17),1012.3,935.8,8.6,,14.6,0.0,0.0,4.0,2.0,15.0,,13.0,,92.0,0.0,0.0,752.0,78.8,13.0,1.0,0.0,7.6,0.0,13.5,18.2,0.0,917.6(10),12.0,01-04-2018,,,,,9.0,,,
3195,,9.0,57.0,1.0,0.0,,949.5(27),1012.0,935.3,7.4,,13.5,0.0,0.0,4.0,2.0,17.0,,14.0,,82.0,0.0,0.0,781.0,83.2,13.0,2.0,0.0,10.0,0.0,12.6,17.7,0.0,920.0(23),10.0,01-04-2019,1.0,,0.0,188.0,8.0,,,
3195,,,57.0,0.0,0.0,,,,,9.3,,12.4,0.0,,,2.0,,,16.0,,90.0,0.0,,,69.8,16.0,2.0,0.0,13.5,0.0,13.8,18.2,,,11.0,01-04-2020,0.0,,0.0,149.0,7.0,,,
3195,,,60.0,0.0,0.0,,,,,8.6,,12.6,0.0,,,3.0,,,19.0,,91.0,0.0,,,98.6,19.0,2.0,0.0,12.1,0.0,13.1,17.6,,,13.0,01-04-2021,,,,,,,,
3195,,10.0,57.0,0.0,0.0,,948.4(29),1013.3,936.6,7.5,,13.1,0.0,,6.0,2.0,11.0,,12.0,,87.0,0.0,,,62.7,12.0,1.0,0.0,10.9,0.0,12.9,18.2,,920.1(22),9.0,01-04-2022,0.0,,0.0,207.0,10.0,,,
3195,,5.0,37.0,0.0,0.0,,947.6(02),1014.7,939.2,10.7,,18.7,2.0,,9.0,0.0,16.0,,3.0,,72.0,0.0,,,8.3,3.0,1.0,0.0,15.9,0.0,17.3,23.8,,927.9(21),1.0,01-04-2023,0.0,,0.0,194.0,8.0,,,
3195,,7.0,49.0,0.0,0.0,,954.0(12),1016.0,939.8,9.0,,14.3,0.0,,10.0,0.0,11.0,,4.0,,84.0,0.0,,,9.9,4.0,0.0,0.0,13.7,0.0,15.0,21.0,,922.8(27),3.0,01-04-2024,0.0,,0.0,,8.0,,,
3195,,6.0,61.0,2.0,0.0,7.8,948.7(28),1013.9,938.4,11.4,,19.5,6.0,0.0,4.0,1.0,21.0,54.0,12.0,,120.0,0.0,0.0,911.0,37.1,10.0,2.0,0.0,10.7,0.0,16.8,22.1,0.0,930.9(03),8.0,01-05-2001,0.0,,0.0,170.0,7.0,,,
3195,,8.0,54.0,0.0,0.0,9.0,947.0(14),1013.9,938.0,10.4,,17.4,0.0,0.0,5.0,2.0,18.0,62.0,10.0,,97.0,0.0,0.0,993.0,46.4,10.0,1.0,0.0,9.6,0.0,15.6,20.7,0.0,927.1(08),7.0,01-05-2002,3.0,,0.0,211.0,9.0,,,
3195,,3.0,49.0,0.0,0.0,10.4,951.9(22),1015.5,940.4,12.4,,17.9,4.0,0.0,12.0,0.0,16.0,72.0,7.0,,111.0,0.0,0.0,1193.0,19.4,7.0,2.0,0.0,13.5,0.0,18.7,24.9,0.0,931.9(24),6.0,01-05-2003,,,,,,,,
3195,,10.0,64.0,0.0,0.0,7.3,948.2(19),1013.6,937.6,10.4,,16.1,0.0,0.0,3.0,4.0,18.0,50.0,17.0,,113.0,1.0,0.0,685.0,135.3,17.0,3.0,0.0,12.0,0.0,15.1,19.7,0.0,923.3(03),13.0,01-05-2004,4.0,,0.0,187.0,7.0,,,
3195,,9.0,45.0,0.0,0.0,8.9,946.5(19),1014.2,939.3,13.4,,18.5,5.0,0.0,7.0,0.0,15.0,62.0,6.0,,104.0,0.0,0.0,1268.0,5.1,7.0,0.0,0.0,15.2,0.0,19.2,24.9,0.0,931.5(09),2.0,01-05-2005,2.0,,0.0,207.0,9.0,,,
3195,,6.0,47.0,0.0,0.0,9.4,949.7(25),1014.4,939.6,13.9,,20.6,5.0,0.0,2.0,0.0,23.0,65.0,4.0,,112.0,0.0,0.0,1254.0,16.0,5.0,1.0,0.0,18.1,0.0,19.7,25.6,0.0,930.5(02),3.0,01-05-2006,0.0,,0.0,203.0,9.0,,,
3195,,6.0,60.0,0.0,0.0,7.8,950.8(08),1014.4,938.7,11.0,,17.7,1.0,0.0,6.0,3.0,19.0,55.0,11.0,,115.0,2.0,0.0,858.0,91.3,12.0,1.0,0.0,12.4,0.0,16.4,21.8,0.0,928.6(02),8.0,01-05-2007,2.0,,0.0,168.0,7.0,,,
3195,,13.0,,0.0,0.0,,943.8(03),1010.6,934.9,10.9,,16.0,0.0,0.0,1.0,3.0,17.0,,16.0,,113.0,0.0,0.0,688.0,86.3,17.0,2.0,0.0,12.2,0.0,15.5,20.0,0.0,928.2(25),12.0,01-05-2008,0.0,,0.0,159.0,7.0,,,
3195,,2.0,,1.0,0.0,,949.0(02),1014.8,939.8,12.7,,17.5,5.0,0.0,9.0,1.0,20.0,,5.0,,107.0,0.0,0.0,1255.0,32.0,4.0,1.0,0.0,16.8,0.0,19.3,25.8,0.0,933.3(11),4.0,01-05-2009,2.0,,0.0,188.0,8.0,,,
3195,,4.0,,1.0,0.0,,949.0(18),1013.3,937.7,10.6,,17.7,2.0,0.0,9.0,1.0,18.0,,7.0,,105.0,0.0,0.0,979.0,22.7,6.0,1.0,0.0,13.0,0.0,16.2,21.8,0.0,927.3(07),3.0,01-05-2010,2.0,,0.0,195.0,9.0,,,
3195,,6.0,,0.0,1.0,,948.3(16),1015.5,940.4,13.5,,18.8,2.0,0.0,6.0,2.0,19.0,,11.0,,126.0,0.0,0.0,1061.0,61.4,11.0,5.0,0.0,16.6,0.0,19.1,24.7,0.0,924.3(02),9.0,01-05-2011,0.0,,0.0,171.0,7.0,,,
3195,,4.0,,0.0,0.0,,949.3(12),1014.1,939.1,13.1,,19.0,9.0,0.0,9.0,1.0,18.0,,7.0,,108.0,0.0,0.0,1406.0,33.7,7.0,2.0,0.0,13.6,0.0,19.2,25.2,0.0,929.6(18),5.0,01-05-2012,0.0,,0.0,182.0,8.0,,,
3195,,5.0,,1.0,0.0,,944.5(06),1014.0,937.9,9.4,,15.8,0.0,0.0,7.0,0.0,19.0,,10.0,,94.0,0.0,0.0,1035.0,28.5,9.0,2.0,0.0,9.2,0.0,15.0,20.5,0.0,922.7(17),8.0,01-05-2013,2.0,,0.0,207.0,8.0,,,
3195,,5.0,,0.0,0.0,,948.9(14),1014.1,938.8,12.1,,18.0,2.0,0.0,8.0,0.0,18.0,,7.0,,96.0,0.0,0.0,1456.0,11.7,7.0,0.0,0.0,16.7,0.0,18.1,24.1,0.0,927.1(21),4.0,01-05-2014,0.0,,0.0,229.0,8.0,,,
3195,,5.0,,0.0,0.0,,948.8(16),1015.6,940.9,13.4,,19.5,10.0,0.0,10.0,0.0,16.0,,1.0,,106.0,0.0,0.0,1697.0,0.1,2.0,0.0,0.0,21.0,0.0,20.3,27.2,0.0,930.0(04),0.0,01-05-2015,0.0,,0.0,215.0,9.0,,,
3195,,8.0,59.0,0.0,0.0,,949.0(01),1013.5,937.8,11.0,,15.5,0.0,0.0,6.0,1.0,17.0,,9.0,,111.0,0.0,0.0,1010.0,55.1,9.0,0.0,0.0,12.4,0.0,16.3,21.5,0.0,924.1(08),8.0,01-05-2016,1.0,,0.0,154.0,7.0,,,
3195,,5.0,48.0,0.0,0.0,,950.9(15),1013.6,939.0,14.1,,19.6,6.0,0.0,8.0,1.0,17.0,,5.0,,116.0,0.0,0.0,1419.0,27.1,5.0,1.0,0.0,16.1,0.0,20.1,26.1,0.0,923.2(11),4.0,01-05-2017,1.0,,0.0,145.0,7.0,,,
3195,,5.0,56.0,1.0,0.0,,943.9(13),1013.4,937.8,11.7,,15.7,0.0,0.0,4.0,3.0,20.0,,14.0,,111.0,0.0,0.0,978.0,78.4,15.0,3.0,0.0,15.9,0.0,17.1,22.4,0.0,933.2(09),8.0,01-05-2018,,,,,,,,
3195,,1.0,45.0,0.0,0.0,,948.5(12),1013.2,938.3,12.0,,17.0,5.0,0.0,9.0,0.0,21.0,,1.0,,101.0,0.0,0.0,1558.0,0.1,1.0,0.0,0.0,18.7,0.0,18.9,25.7,0.0,927.1(16),0.0,01-05-2019,2.0,,0.0,202.0,8.0,,,
3195,,,46.0,1.0,0.0,,,,,13.5,,17.9,11.0,,,4.0,,,9.0,,105.0,1.0,,,94.6,8.0,3.0,0.0,14.7,0.0,19.7,26.0,,,7.0,01-05-2020,1.0,,0.0,161.0,7.0,,,
3195,,,46.0,0.0,0.0,,,,,12.1,,18.2,2.0,,,0.0,,,8.0,,96.0,0.0,,,15.5,8.0,2.0,0.0,16.3,0.0,17.8,23.5,,,4.0,01-05-2021,,,,,,,,
3195,,6.0,43.0,0.0,0.0,,947.3(26),1014.6,940.0,14.2,,18.9,7.0,,12.0,0.0,13.0,,4.0,,105.0,0.0,,,6.2,4.0,1.0,0.0,17.5,0.0,20.6,26.9,,928.9(29),2.0,01-05-2022,0.0,,0.0,189.0,8.0,,,
3195,,11.0,45.0,0.0,0.0,,946.9(08),1014.9,939.4,12.1,,17.2,0.0,,4.0,2.0,16.0,,10.0,,92.0,0.0,,,58.6,10.0,3.0,0.0,17.9,0.0,18.0,23.8,,932.8(21),7.0,01-05-2023,,,,,9.0,,,
3195,,6.0,43.0,0.0,0.0,,945.0(07),1012.0,936.9,12.2,,19.9,5.0,,3.0,0.0,22.0,,4.0,,91.0,0.0,,,7.1,4.0,0.0,0.0,15.0,0.0,18.3,24.3,,929.8(14),1.0,01-05-2024,,,,,9.0,,,
3195,,1.0,44.0,0.0,0.0,12.1,947.1(18),1014.0,940.3,16.7,,21.4,17.0,0.0,20.0,0.0,9.0,80.0,1.0,,136.0,0.0,0.0,1859.0,3.8,1.0,0.0,0.0,21.8,0.0,23.4,30.0,0.0,933.4(08),1.0,01-06-2001,0.0,,0.0,197.0,8.0,,,
3195,,4.0,41.0,0.0,0.0,10.6,944.9(21),1013.1,939.3,17.2,,23.0,18.0,0.0,12.0,1.0,14.0,70.0,6.0,,122.0,0.0,0.0,1698.0,27.6,9.0,4.0,0.0,16.5,0.0,23.5,29.8,0.0,927.9(05),3.0,01-06-2002,1.0,,0.0,197.0,9.0,,,
3195,,4.0,43.0,0.0,0.0,10.3,946.3(14),1011.9,938.7,19.2,,23.0,22.0,0.0,7.0,0.0,19.0,68.0,7.0,,144.0,0.0,0.0,1681.0,8.4,7.0,1.0,0.0,23.0,0.0,25.5,31.7,0.0,931.4(22),2.0,01-06-2003,,,,,,,,
3195,,2.0,44.0,0.0,0.0,11.5,946.2(10),1014.6,941.0,18.2,,23.4,16.0,0.0,11.0,0.0,17.0,76.0,2.0,,142.0,0.0,0.0,1530.0,5.0,3.0,2.0,0.0,25.2,0.0,24.5,30.8,0.0,931.3(18),1.0,01-06-2004,1.0,,0.0,194.0,8.0,,,
3195,,1.0,39.0,0.0,0.0,11.2,946.7(17),1013.0,939.7,18.9,,23.6,21.0,0.0,8.0,0.0,21.0,75.0,6.0,,129.0,0.0,0.0,1675.0,5.9,7.0,4.0,0.0,23.5,0.0,25.1,31.3,0.0,926.7(12),2.0,01-06-2005,2.0,,0.0,204.0,8.0,,,
3195,,4.0,43.0,1.0,0.0,10.7,945.7(04),1013.3,939.6,17.1,,21.6,14.0,0.0,8.0,1.0,18.0,71.0,6.0,,131.0,0.0,0.0,1505.0,29.7,7.0,3.0,0.0,23.9,0.0,23.5,29.8,0.0,933.3(14),6.0,01-06-2006,0.0,,0.0,199.0,8.0,,,
3195,,4.0,54.0,0.0,0.0,,946.3(02),1013.5,939.0,14.7,,18.8,2.0,,10.0,1.0,16.0,,6.0,,132.0,0.0,,993.0,32.1,6.0,2.0,0.0,18.6,0.0,20.2,25.7,,929.8(06),4.0,01-06-2007,,,,,,,,
3195,,1.0,,0.0,1.0,,944.5(27),1014.2,939.9,15.4,,22.4,10.0,0.0,11.0,2.0,18.0,,9.0,,129.0,0.0,0.0,1211.0,37.4,10.0,1.0,0.0,16.5,0.0,21.2,27.0,0.0,929.9(16),5.0,01-06-2008,0.0,,0.0,177.0,7.0,,,
3195,,4.0,,0.0,0.0,,946.7(11),1012.6,939.0,17.2,,21.8,19.0,0.0,10.0,0.0,16.0,,6.0,,127.0,0.0,0.0,1443.0,10.8,7.0,1.0,0.0,18.2,0.0,23.7,30.2,0.0,930.4(05),4.0,01-06-2009,1.0,,0.0,212.0,9.0,,,
3195,,5.0,,0.0,0.0,,943.9(29),1011.9,937.6,15.4,,20.0,14.0,0.0,4.0,1.0,21.0,,12.0,,132.0,0.0,0.0,1103.0,58.6,12.0,1.0,0.0,15.3,0.0,21.1,26.7,0.0,922.6(09),10.0,01-06-2010,0.0,,0.0,178.0,6.0,,,
3195,,4.0,,0.0,0.0,,947.2(25),1013.9,939.9,16.4,,24.2,16.0,0.0,14.0,1.0,12.0,,5.0,,128.0,0.0,0.0,1581.0,29.1,5.0,2.0,0.0,19.1,0.0,22.8,29.1,0.0,929.5(06),4.0,01-06-2011,0.0,,0.0,182.0,7.0,,,
3195,,4.0,,0.0,0.0,,945.2(23),1012.6,939.1,18.2,,25.7,17.0,0.0,10.0,0.0,16.0,,2.0,,121.0,0.0,0.0,1972.0,1.7,2.0,0.0,0.0,23.7,0.0,24.5,30.7,0.0,932.2(07),1.0,01-06-2012,1.0,,0.0,203.0,9.0,,,
3195,,1.0,,0.0,0.0,,948.6(29),1014.9,940.5,14.6,,19.2,14.0,0.0,16.0,0.0,13.0,,3.0,,115.0,0.0,0.0,1686.0,5.7,3.0,0.0,0.0,18.3,0.0,21.3,28.0,0.0,933.3(16),1.0,01-06-2013,0.0,,0.0,220.0,8.0,,,
3195,,2.0,,0.0,0.0,,946.5(12),1013.4,939.4,16.2,,19.6,6.0,0.0,10.0,0.0,18.0,,5.0,,118.0,0.0,0.0,1717.0,14.2,5.0,2.0,0.0,19.8,0.0,22.4,28.6,0.0,933.4(06),4.0,01-06-2014,1.0,,0.0,211.0,7.0,25.2,26.7,23.2
3195,,1.0,41.0,0.0,0.0,,946.4(26),1014.2,940.7,18.2,,24.9,22.0,0.0,13.0,1.0,16.0,,7.0,,130.0,0.0,0.0,1997.0,44.6,7.0,2.0,0.0,20.6,0.0,24.7,31.2,0.0,934.1(10),5.0,01-06-2015,0.0,,0.0,169.0,7.0,,,
3195,,0.0,44.0,0.0,0.0,,950.2(19),1013.2,939.5,16.9,,22.4,18.0,0.0,13.0,0.0,17.0,,2.0,,136.0,0.0,0.0,1885.0,1.1,2.0,0.0,0.0,19.7,0.0,23.8,30.6,0.0,928.2(15),0.0,01-06-2016,2.0,,0.0,170.0,8.0,,,
3195,,2.0,40.0,0.0,0.0,,945.5(19),1012.1,939.2,19.7,,25.5,22.0,0.0,9.0,0.0,19.0,,5.0,,141.0,0.0,0.0,2244.0,4.7,6.0,4.0,0.0,22.6,0.0,26.4,33.0,0.0,932.2(28),1.0,01-06-2017,2.0,,0.0,166.0,7.0,,,
3195,,4.0,52.0,0.0,0.0,,946.2(17),1012.8,938.7,16.4,,23.0,15.0,0.0,8.0,0.0,18.0,,9.0,,138.0,0.0,0.0,1382.0,19.0,10.0,0.0,0.0,18.6,0.0,22.2,27.9,0.0,930.3(29),6.0,01-06-2018,0.0,,0.0,167.0,7.0,,,
3195,,1.0,40.0,0.0,0.0,,945.0(01),1011.6,938.0,17.1,,25.0,14.0,0.0,14.0,0.0,15.0,,1.0,,126.0,0.0,0.0,1969.0,2.0,1.0,0.0,0.0,21.0,0.0,23.7,30.3,0.0,931.4(06),1.0,01-06-2019,0.0,,0.0,192.0,9.0,,,
3195,,,,0.0,0.0,,,,,16.1,,22.7,12.0,,,0.0,,,4.0,,,0.0,,,8.4,4.0,1.0,0.0,20.9,0.0,22.5,28.8,,,3.0,01-06-2020,,,,,,,,
3195,,,45.0,1.0,0.0,,945.4(05),1013.4,939.4,16.4,,20.6,13.0,,,1.0,,,8.0,,119.0,1.0,,,62.9,7.0,4.0,0.0,19.2,0.0,22.3,28.1,,931.9(16),4.0,01-06-2021,,,,,,,,
3195,,4.0,35.0,0.0,0.0,,945.0(16),1012.2,938.8,18.1,,25.4,15.0,,11.0,0.0,15.0,,2.0,,107.0,0.0,,,0.3,2.0,0.0,0.0,24.3,0.0,24.8,31.3,,931.3(21),0.0,01-06-2022,0.0,,0.0,197.0,8.0,,,
3195,,9.0,50.0,0.0,0.0,,947.7(23),1012.2,938.5,17.7,,23.1,11.0,,8.0,0.0,13.0,,12.0,,141.0,0.0,,,42.5,12.0,4.0,0.0,20.3,0.0,23.5,29.2,,931.9(19),9.0,01-06-2023,,,,,7.0,,,
3195,,12.0,46.0,0.0,0.0,,944.7(21),1011.0,937.1,16.2,,21.9,13.0,,9.0,0.0,9.0,,10.0,,124.0,0.0,,,32.7,10.0,2.0,0.0,19.4,0.0,22.4,28.6,,930.4(25),6.0,01-06-2024,,,,,8.0,,,
3195,,3.0,41.0,0.0,0.0,10.5,946.6(01),1012.4,938.9,18.0,,24.7,19.0,0.0,13.0,0.0,15.0,71.0,2.0,,128.0,0.0,0.0,1743.0,3.3,3.0,0.0,0.0,23.5,0.0,24.2,30.4,0.0,929.4(04),1.0,01-07-2001,1.0,,0.0,191.0,8.0,,,
3195,,0.0,41.0,0.0,0.0,11.9,946.1(14),1012.7,939.3,18.7,,23.3,20.0,0.0,18.0,0.0,13.0,81.0,1.0,,133.0,0.0,0.0,1758.0,2.2,2.0,2.0,0.0,24.4,0.0,24.8,30.9,0.0,933.1(31),1.0,01-07-2002,0.0,,0.0,192.0,9.0,,,
3195,,0.0,38.0,0.0,0.0,12.6,946.6(29),1012.8,939.7,19.4,,24.0,25.0,0.0,21.0,0.0,10.0,86.0,0.0,,131.0,0.0,0.0,1992.0,0.0,0.0,0.0,0.0,24.7,0.0,25.9,32.4,0.0,931.3(14),0.0,01-07-2003,,,,,,,,
3195,,0.0,40.0,0.0,0.0,11.6,946.1(24),1012.8,939.6,18.9,,23.4,24.0,0.0,12.0,0.0,19.0,79.0,3.0,,137.0,0.0,0.0,1842.0,9.4,3.0,2.0,0.0,23.0,0.0,25.6,32.2,0.0,932.2(06),1.0,01-07-2004,2.0,,0.0,198.0,8.0,,,
3195,,0.0,36.0,0.0,0.0,12.4,947.7(20),1012.1,939.2,20.0,,23.4,25.0,0.0,19.0,0.0,12.0,84.0,0.0,,129.0,0.0,0.0,2101.0,0.0,0.0,0.0,0.0,28.0,0.0,26.6,33.2,0.0,932.3(23),0.0,01-07-2005,0.0,,0.0,218.0,9.0,,,
3195,,2.0,38.0,0.0,0.0,10.5,945.7(11),1014.2,941.4,20.9,,24.4,30.0,0.0,15.0,0.0,14.0,71.0,4.0,,141.0,0.0,0.0,1893.0,8.1,5.0,0.0,0.0,29.6,0.0,27.3,33.7,0.0,935.9(29),3.0,01-07-2006,1.0,,0.0,188.0,8.0,,,
3195,,0.0,41.0,0.0,0.0,,946.3(05),1013.1,939.7,18.2,,22.9,17.0,0.0,24.0,0.0,7.0,,0.0,,135.0,0.0,0.0,1758.0,0.0,0.0,0.0,0.0,26.2,0.0,24.7,31.2,0.0,933.5(23),0.0,01-07-2007,,,,,,,,
3195,,0.0,38.0,0.0,0.0,,948.9(15),1012.7,939.4,18.2,,22.3,23.0,0.0,20.0,0.0,11.0,,1.0,,124.0,0.0,0.0,1743.0,0.7,1.0,2.0,0.0,26.4,0.0,25.0,31.8,0.0,934.7(06),0.0,01-07-2008,0.0,,0.0,190.0,8.0,,,
3195,,0.0,,0.0,0.0,,947.7(18),1013.1,940.0,19.0,,21.6,28.0,0.0,21.0,0.0,10.0,,2.0,,121.0,0.0,0.0,2156.0,1.8,2.0,0.0,0.0,28.2,0.0,26.3,33.5,0.0,933.8(22),1.0,01-07-2009,1.0,,0.0,206.0,10.0,,,
3195,,1.0,,0.0,0.0,,945.9(24),1012.7,939.9,20.7,,24.8,30.0,0.0,22.0,1.0,8.0,,2.0,,144.0,0.0,0.0,2140.0,15.3,3.0,2.0,0.0,27.6,0.0,27.5,34.2,0.0,932.6(21),2.0,01-07-2010,1.0,,0.0,190.0,8.0,,,
3195,,0.0,,0.0,0.0,,944.5(15),1010.9,937.7,18.3,,22.0,24.0,0.0,19.0,0.0,12.0,,0.0,,129.0,0.0,0.0,1974.0,0.0,0.0,0.0,0.0,25.4,0.0,25.1,31.8,0.0,932.3(03),0.0,01-07-2011,0.0,,0.0,195.0,8.0,,,
3195,,0.0,,0.0,0.0,,951.4(17),1012.3,939.2,19.0,,23.0,29.0,0.0,19.0,0.0,12.0,,2.0,,119.0,0.0,0.0,2322.0,7.6,3.0,2.0,0.0,26.8,0.0,26.2,33.3,0.0,932.8(04),1.0,01-07-2012,0.0,,0.0,185.0,8.0,,,
3195,,1.0,,0.0,0.0,,947.3(30),1013.3,940.4,20.5,,23.4,28.0,0.0,17.0,0.0,13.0,,3.0,,140.0,0.0,0.0,2233.0,4.5,4.0,1.0,0.0,24.6,0.0,27.3,34.0,0.0,933.3(26),1.0,01-07-2013,1.0,,0.0,205.0,7.0,,,
3195,,1.0,,0.0,0.0,,945.3(21),1012.4,939.0,18.3,,23.4,20.0,0.0,18.0,0.0,12.0,,2.0,,129.0,0.0,0.0,2006.0,2.6,2.0,2.0,0.0,22.2,0.0,24.9,31.5,0.0,933.3(24),2.0,01-07-2014,1.0,,0.0,205.0,7.0,,,
3195,,0.0,37.0,0.0,0.0,,945.6(04),1011.4,939.4,22.9,,25.6,31.0,0.0,18.0,0.0,13.0,,1.0,,157.0,0.0,0.0,2578.0,3.6,2.0,1.0,0.0,30.5,0.0,29.8,36.6,0.0,930.7(31),1.0,01-07-2015,0.0,,0.0,176.0,8.0,,,
3195,,1.0,41.0,0.0,0.0,,946.9(14),1013.6,941.0,21.0,,24.9,31.0,0.0,21.0,0.0,9.0,,3.0,,161.0,0.0,0.0,2357.0,11.4,3.0,3.0,0.0,30.2,0.0,28.1,35.1,0.0,936.0(21),2.0,01-07-2016,0.0,,0.0,175.0,7.0,,,
3195,,1.0,42.0,0.0,0.0,,948.0(02),1012.3,939.4,19.9,,24.7,26.0,0.0,23.0,2.0,7.0,,4.0,,147.0,0.0,0.0,2313.0,49.3,4.0,3.0,0.0,22.2,0.0,26.8,33.6,0.0,933.0(31),4.0,01-07-2017,0.0,,0.0,156.0,7.0,,,
3195,,0.0,39.0,0.0,0.0,,944.2(06),1012.3,939.2,19.5,,21.8,26.0,0.0,19.0,0.0,12.0,,0.0,,133.0,0.0,0.0,2032.0,0.0,0.0,0.0,0.0,27.5,0.0,26.0,32.4,0.0,934.0(01),0.0,01-07-2018,0.0,,0.0,150.0,6.0,,,
3195,,0.0,30.0,0.0,0.0,,945.2(22),1010.4,937.8,21.4,,24.4,30.0,0.0,11.0,0.0,20.0,,3.0,,116.0,0.0,0.0,2358.0,8.6,3.0,5.0,0.0,27.0,0.0,28.0,34.6,0.0,930.0(17),2.0,01-07-2019,0.0,,0.0,174.0,7.0,,,
3195,,,33.0,0.0,0.0,,,,,21.1,,25.0,31.0,,,0.0,,,2.0,,131.0,0.0,,,6.0,2.0,1.0,0.0,31.2,0.0,28.2,35.3,,,1.0,01-07-2020,,,,,,,,
3195,,,34.0,0.0,0.0,,946.2(08),1011.8,938.7,18.9,,23.5,23.0,,,0.0,,,2.0,,111.0,0.0,,,7.4,2.0,1.0,0.0,23.9,0.0,25.7,32.5,,932.9(25),2.0,01-07-2021,,,,,,,,
3195,,0.0,,0.0,0.0,,948.0(08),1013.3,940.9,22.4,,26.2,29.0,,21.0,0.0,10.0,,2.0,,,0.0,,,9.8,2.0,2.0,0.0,31.8,0.0,29.6,36.8,,934.4(27),2.0,01-07-2022,1.0,,0.0,180.0,7.0,,,
3195,,2.0,30.0,0.0,0.0,,945.2(09),1012.4,939.7,21.0,,25.3,31.0,,20.0,0.0,9.0,,0.0,,111.0,0.0,,,0.0,0.0,0.0,0.0,31.7,0.0,27.9,34.7,,934.7(24),0.0,01-07-2023,0.0,,0.0,,9.0,,,
3195,,0.0,31.0,0.0,0.0,,944.6(23),1010.4,938.1,21.1,,25.6,31.0,,22.0,0.0,9.0,,0.0,,115.0,0.0,,,0.0,0.0,0.0,0.0,30.0,0.0,28.2,35.2,,931.4(05),0.0,01-07-2024,2.0,,0.0,,8.0,,,
3195,,2.0,43.0,0.0,0.0,10.6,946.9(06),1013.1,939.8,19.6,,24.2,22.0,0.0,8.0,0.0,21.0,77.0,3.0,,144.0,0.0,0.0,1654.0,1.5,6.0,2.0,0.0,28.1,0.0,25.6,31.4,0.0,935.0(13),0.0,01-08-2001,0.0,,0.0,181.0,8.0,,,
3195,,2.0,44.0,0.0,0.0,9.7,944.1(31),1012.1,938.4,17.8,,22.0,18.0,0.0,9.0,0.0,20.0,70.0,4.0,,130.0,0.0,0.0,1559.0,6.5,4.0,3.0,0.0,23.0,0.0,23.7,29.6,0.0,932.7(10),2.0,01-08-2002,,,,,7.0,,,
3195,,0.0,42.0,0.0,0.0,11.0,947.3(13),1013.2,940.2,21.1,,25.0,24.0,0.0,13.0,0.0,18.0,80.0,4.0,,149.0,0.0,0.0,1869.0,3.4,4.0,2.0,0.0,22.9,0.0,27.2,33.2,0.0,931.5(28),2.0,01-08-2003,1.0,,0.0,184.0,8.0,,,
3195,,2.0,49.0,0.0,0.0,10.2,945.4(21),1012.6,938.9,18.5,,23.2,18.0,0.0,9.0,2.0,20.0,75.0,6.0,,146.0,0.0,0.0,1385.0,38.6,6.0,0.0,0.0,23.4,0.0,24.1,29.7,0.0,931.0(08),3.0,01-08-2004,0.0,,0.0,195.0,9.0,,,
3195,,2.0,38.0,0.0,0.0,10.7,947.3(03),1013.1,939.9,19.2,,24.2,23.0,0.0,19.0,0.0,10.0,78.0,2.0,,127.0,0.0,0.0,1897.0,0.8,2.0,1.0,0.0,23.5,0.0,25.7,32.1,0.0,931.1(09),0.0,01-08-2005,,,,,8.0,,,
3195,,1.0,41.0,0.0,0.0,11.6,948.7(21),1012.5,939.0,17.6,,22.4,22.0,0.0,16.0,0.0,14.0,84.0,1.0,,127.0,0.0,0.0,1766.0,9.8,1.0,0.0,0.0,21.6,0.0,24.2,30.7,0.0,930.1(17),1.0,01-08-2006,2.0,,0.0,229.0,9.0,,,
3195,,2.0,45.0,0.0,0.0,,944.2(04),1012.0,938.3,17.3,,22.2,16.0,0.0,14.0,0.0,15.0,,4.0,,135.0,0.0,0.0,1583.0,15.1,4.0,0.0,0.0,23.5,0.0,23.7,30.1,0.0,933.5(11),3.0,01-08-2007,3.0,,0.0,221.0,9.0,,,
3195,,1.0,,0.0,0.0,,944.6(02),1011.9,938.6,19.2,,24.2,23.0,0.0,16.0,0.0,14.0,,1.0,,132.0,0.0,0.0,1720.0,0.1,1.0,0.0,0.0,26.4,0.0,25.7,32.2,0.0,930.7(11),0.0,01-08-2008,0.0,,0.0,190.0,8.0,,,
3195,,0.0,38.0,0.0,0.0,,944.9(20),1012.3,939.5,20.6,,24.2,30.0,0.0,14.0,0.0,17.0,,1.0,,142.0,0.0,0.0,1978.0,0.8,2.0,0.0,0.0,29.0,0.0,27.5,34.3,0.0,932.9(24),0.0,01-08-2009,2.0,,0.0,169.0,7.0,,,
3195,,0.0,43.0,0.0,0.0,,949.5(21),1013.2,940.1,19.3,,22.6,26.0,0.0,18.0,0.0,13.0,,2.0,,146.0,0.0,0.0,1888.0,3.4,2.0,1.0,0.0,27.0,0.0,26.0,32.7,0.0,932.4(18),2.0,01-08-2010,0.0,,0.0,181.0,7.0,,,
3195,,1.0,,0.0,0.0,,946.1(10),1012.3,939.1,19.2,,24.0,26.0,0.0,13.0,0.0,17.0,,6.0,,141.0,0.0,0.0,1872.0,10.1,7.0,2.0,0.0,25.3,0.0,25.9,32.5,0.0,931.2(01),2.0,01-08-2011,1.0,,0.0,170.0,7.0,,,
3195,,0.0,,0.0,0.0,,949.4(31),1013.3,940.2,20.3,,25.4,27.0,0.0,15.0,0.0,16.0,,1.0,,129.0,0.0,0.0,2222.0,0.3,2.0,0.0,0.0,26.0,0.0,26.9,33.5,0.0,933.5(05),0.0,01-08-2012,0.0,,0.0,177.0,8.0,,,
3195,,1.0,40.0,0.0,0.0,,947.6(09),1013.0,939.9,19.8,,23.6,28.0,0.0,18.0,0.0,12.0,,3.0,,139.0,0.0,0.0,2137.0,0.9,3.0,0.0,0.0,28.0,0.0,26.7,33.5,0.0,932.5(26),0.0,01-08-2013,0.0,,0.0,212.0,7.0,,,
3195,,0.0,43.0,0.0,0.0,,944.1(16),1012.0,938.8,19.2,,21.6,26.0,0.0,19.0,0.0,12.0,,0.0,,144.0,0.0,0.0,1950.0,0.0,0.0,0.0,0.0,28.0,0.0,25.7,32.1,0.0,933.1(02),0.0,01-08-2014,0.0,,0.0,185.0,7.0,,,
3195,,1.0,46.0,0.0,0.0,,945.0(09),1012.5,939.4,19.0,,23.0,23.0,0.0,10.0,0.0,20.0,,3.0,,157.0,0.0,0.0,1975.0,3.3,3.0,0.0,0.0,24.8,0.0,25.6,32.2,0.0,933.4(24),1.0,01-08-2015,1.0,,0.0,169.0,7.0,,,
3195,,0.0,41.0,0.0,0.0,,948.2(08),1014.7,941.8,20.6,,23.3,30.0,0.0,20.0,0.0,11.0,,0.0,,155.0,0.0,0.0,2249.0,0.0,0.0,1.0,0.0,29.5,0.0,27.5,34.3,0.0,934.7(18),0.0,01-08-2016,0.0,,0.0,158.0,6.0,,,
3195,,2.0,43.0,0.0,0.0,,947.3(10),1013.3,940.3,20.4,,25.1,22.0,0.0,16.0,1.0,13.0,,3.0,,152.0,0.0,0.0,2117.0,26.0,3.0,1.0,0.0,22.4,0.0,26.7,32.9,0.0,934.6(07),1.0,01-08-2017,3.0,,0.0,152.0,6.0,,,
3195,,0.0,40.0,0.0,0.0,,945.9(11),1013.0,940.2,21.3,,25.9,31.0,0.0,15.0,0.0,16.0,,0.0,,149.0,0.0,0.0,2121.0,0.0,0.0,0.0,0.0,30.4,0.0,27.7,34.0,0.0,933.5(07),0.0,01-08-2018,0.0,,0.0,158.0,6.0,,,
3195,,2.0,35.0,2.0,0.0,,945.3(22),1013.3,940.1,19.7,,22.4,25.0,0.0,16.0,3.0,13.0,,6.0,,118.0,0.0,0.0,1958.0,58.4,4.0,3.0,0.0,26.2,0.0,26.1,32.4,0.0,934.2(07),4.0,01-08-2019,1.0,,0.0,162.0,7.0,,,
3195,,,38.0,0.0,0.0,,,,,19.1,,25.4,22.0,,,1.0,,,3.0,,124.0,0.0,,,28.5,3.0,2.0,0.0,23.0,0.0,25.5,31.8,,,2.0,01-08-2020,,,,,,,,
3195,,,35.0,0.0,0.0,,945.5(13),1011.4,938.5,20.4,,26.1,27.0,,,1.0,,,2.0,,117.0,1.0,,,36.1,2.0,1.0,0.0,26.6,0.0,27.1,33.7,,931.3(06),2.0,01-08-2021,,,,,,,,
3195,,3.0,33.0,0.0,0.0,,944.9(19),1011.2,938.5,21.4,,25.1,27.0,,14.0,0.0,14.0,,3.0,,121.0,0.0,,,4.9,3.0,4.0,0.0,27.7,0.0,27.9,34.3,,931.9(15),2.0,01-08-2022,1.0,,0.0,171.0,7.0,,,
3195,,0.0,27.0,,,,946.6(11),1013.2,940.3,20.8,,25.7,26.0,,21.0,0.0,10.0,,0.0,,100.0,0.0,,,0.0,,,0.0,23.8,,28.0,35.2,,933.0(26),0.0,01-08-2023,1.0,,0.0,,8.0,,,
3195,,3.0,35.0,0.0,0.0,,942.8(10),1010.1,937.7,22.0,,25.7,29.0,,21.0,1.0,6.0,,5.0,,130.0,0.0,,,21.9,5.0,3.0,0.0,27.6,0.0,28.5,35.0,,932.8(06),5.0,01-08-2024,0.0,,0.0,,7.0,,,
3195,,3.0,52.0,0.0,0.0,8.7,945.1(26),1013.2,938.6,14.9,,19.9,5.0,0.0,10.0,1.0,17.0,69.0,5.0,,126.0,0.0,0.0,1109.0,23.1,6.0,2.0,0.0,16.2,0.0,20.4,25.8,0.0,927.8(23),2.0,01-09-2001,0.0,,0.0,183.0,7.0,,,
3195,,8.0,58.0,0.0,0.0,7.8,945.8(10),1013.8,938.9,14.6,,18.2,0.0,0.0,5.0,0.0,17.0,62.0,10.0,,131.0,0.0,0.0,890.0,28.0,10.0,3.0,0.0,18.8,0.0,19.7,24.7,0.0,933.1(23),8.0,01-09-2002,0.0,,0.0,147.0,6.0,,,
3195,,3.0,51.0,0.0,0.0,9.3,948.6(12),1016.2,941.7,16.3,,18.7,4.0,0.0,7.0,1.0,20.0,75.0,3.0,,134.0,1.0,0.0,1234.0,43.6,3.0,1.0,0.0,19.4,0.0,21.8,27.3,0.0,927.9(30),2.0,01-09-2003,0.0,,0.0,199.0,8.0,,,
3195,,2.0,48.0,0.0,0.0,9.3,947.8(22),1016.0,941.6,16.6,,20.5,5.0,0.0,10.0,0.0,18.0,75.0,1.0,,131.0,0.0,0.0,1247.0,3.7,3.0,2.0,0.0,22.4,0.0,22.3,28.0,0.0,932.1(02),1.0,01-09-2004,0.0,,0.0,193.0,9.0,,,
3195,,1.0,44.0,0.0,0.0,9.7,950.1(14),1016.0,941.2,14.6,,21.5,5.0,0.0,10.0,0.0,19.0,78.0,4.0,,110.0,0.0,0.0,1275.0,6.4,4.0,1.0,0.0,21.0,0.0,20.6,26.6,0.0,931.3(07),4.0,01-09-2005,2.0,,0.0,179.0,7.0,,,
3195,,2.0,52.0,0.0,0.0,8.2,948.8(04),1013.9,939.6,16.3,,23.0,10.0,0.0,7.0,0.0,21.0,66.0,7.0,,135.0,0.0,0.0,1154.0,7.0,7.0,1.0,0.0,18.3,0.0,22.0,27.6,0.0,930.4(23),4.0,01-09-2006,,,,,8.0,,,
3195,,1.0,52.0,0.0,0.0,,945.5(23),1015.6,941.0,15.7,,19.6,5.0,0.0,12.0,0.0,17.0,,6.0,,134.0,0.0,0.0,1107.0,4.8,6.0,0.0,0.0,17.7,0.0,21.2,26.6,0.0,933.6(28),3.0,01-09-2007,0.0,,0.0,170.0,7.0,,,
3195,,3.0,,1.0,0.0,,946.1(28),1014.2,939.3,14.4,,18.6,2.0,0.0,9.0,1.0,18.0,,8.0,,121.0,1.0,0.0,1027.0,57.7,7.0,2.0,0.0,18.7,0.0,19.8,25.2,0.0,932.4(23),4.0,01-09-2008,,,,,,,,
3195,,2.0,,0.0,0.0,,947.3(21),1015.2,940.6,16.0,,22.2,11.0,0.0,6.0,0.0,22.0,,7.0,,135.0,0.0,0.0,1175.0,12.3,7.0,2.0,0.0,13.7,0.0,21.5,26.8,0.0,932.1(16),4.0,01-09-2009,1.0,,0.0,178.0,7.0,,,
3195,,3.0,,0.0,0.0,,948.1(13),1014.0,939.5,15.8,,20.2,9.0,0.0,9.0,1.0,18.0,,5.0,,131.0,0.0,0.0,1175.0,11.8,5.0,1.0,0.0,20.2,0.0,21.3,26.8,0.0,930.6(07),1.0,01-09-2010,0.0,,0.0,154.0,6.0,,,
3195,,1.0,,0.0,0.0,,950.0(06),1015.9,941.6,16.6,,20.4,11.0,0.0,18.0,0.0,11.0,,2.0,,118.0,0.0,0.0,1505.0,0.4,2.0,0.0,0.0,23.2,0.0,22.7,28.8,0.0,934.6(01),0.0,01-09-2011,,,,,6.0,,,
3195,,5.0,,0.0,0.0,,947.4(01),1014.1,939.6,15.6,,19.4,7.0,0.0,11.0,2.0,14.0,,7.0,,124.0,1.0,0.0,1423.0,76.1,7.0,0.0,0.0,16.2,0.0,21.2,26.9,0.0,928.2(26),5.0,01-09-2012,1.0,,0.0,193.0,8.0,,,
3195,,4.0,,0.0,0.0,,947.0(09),1014.5,940.2,16.6,,19.2,7.0,0.0,10.0,1.0,16.0,,5.0,,134.0,0.0,0.0,1375.0,23.3,6.0,0.0,0.0,21.0,0.0,22.4,28.1,0.0,931.9(28),3.0,01-09-2013,0.0,,0.0,188.0,6.0,,,
3195,,2.0,,0.0,0.0,,948.0(30),1013.5,939.2,16.6,,22.4,9.0,0.0,4.0,1.0,24.0,,11.0,,145.0,0.0,0.0,1180.0,25.0,11.0,2.0,0.0,19.5,0.0,21.9,27.1,0.0,930.6(16),7.0,01-09-2014,1.0,,0.0,161.0,6.0,,,
3195,,4.0,49.0,0.0,0.0,,947.7(19),1014.2,939.5,15.2,,19.2,2.0,0.0,7.0,0.0,19.0,,5.0,,121.0,0.0,0.0,1332.0,9.4,6.0,0.0,0.0,19.8,0.0,20.7,26.2,0.0,928.2(16),1.0,01-09-2015,1.0,,0.0,155.0,6.0,,,
3195,,1.0,46.0,0.0,0.0,,951.6(29),1016.3,942.1,17.0,,23.4,12.0,0.0,10.0,0.0,19.0,,3.0,,132.0,0.0,0.0,1608.0,8.1,3.0,1.0,0.0,18.2,0.0,23.0,29.0,0.0,934.9(13),1.0,01-09-2016,1.0,,0.0,122.0,5.0,,,
3195,,1.0,43.0,0.0,0.0,,948.9(28),1015.9,941.4,15.7,,21.2,8.0,0.0,13.0,0.0,16.0,,0.0,,115.0,0.0,0.0,1478.0,0.0,0.0,0.0,0.0,21.2,0.0,21.5,27.3,0.0,932.3(09),0.0,01-09-2017,0.0,,0.0,131.0,6.0,,,
3195,,2.0,51.0,0.0,0.0,,952.8(26),1016.4,942.5,18.4,,22.3,14.0,0.0,8.0,0.0,20.0,,5.0,,152.0,0.0,0.0,1338.0,9.8,5.0,1.0,0.0,23.6,0.0,24.1,29.7,0.0,933.7(03),4.0,01-09-2018,0.0,,0.0,133.0,5.0,,,
3195,,3.0,43.0,0.0,0.0,,950.0(13),1016.4,941.6,15.7,,20.5,4.0,0.0,11.0,1.0,16.0,,5.0,,107.0,0.0,0.0,1248.0,33.1,5.0,2.0,0.0,20.5,0.0,21.2,26.7,0.0,935.3(22),5.0,01-09-2019,2.0,,0.0,179.0,8.0,,,
3195,,,,0.0,1.0,,,,,15.6,,19.9,8.0,,,2.0,,,7.0,,117.0,0.0,,,54.0,7.0,4.0,0.0,18.8,0.0,20.9,26.2,,,6.0,01-09-2020,,,,,6.0,,,
3195,,,57.0,0.0,0.0,,948.6(30),1015.4,940.7,15.9,,21.6,3.0,,,3.0,,,8.0,,136.0,1.0,,,88.6,8.0,3.0,0.0,19.6,0.0,20.7,25.4,,935.8(14),6.0,01-09-2021,,,,,,,,
3195,,9.0,48.0,0.0,0.0,,944.3(30),1012.8,938.4,16.1,,22.1,5.0,,10.0,2.0,11.0,,8.0,,120.0,0.0,,,43.9,8.0,2.0,0.0,16.9,0.0,21.5,26.8,,930.7(29),4.0,01-09-2022,1.0,,0.0,175.0,7.0,,,
3195,,10.0,62.0,,,,949.7(30),1015.0,940.3,16.0,,20.3,1.0,,8.0,,12.0,,,,150.0,,,,,,,0.0,18.6,,20.8,25.5,,932.4(21),,01-09-2023,,,,,6.0,,,
3195,,4.0,46.0,0.0,0.0,,946.9(28),1012.6,938.0,15.4,,20.8,5.0,,11.0,0.0,15.0,,2.0,,110.0,0.0,,,7.1,2.0,1.0,0.0,20.7,0.0,20.8,26.1,,927.6(06),1.0,01-09-2024,,,,,8.0,,,
3195,,8.0,72.0,0.0,0.0,5.4,951.8(24),1018.2,942.1,12.3,,15.5,0.0,0.0,3.0,2.0,20.0,48.0,13.0,,133.0,0.0,0.0,483.0,67.0,13.0,1.0,0.0,14.3,0.0,16.2,20.1,0.0,927.9(20),11.0,01-10-2001,1.0,,0.0,161.0,7.0,,,
3195,,6.0,74.0,0.0,2.0,5.5,951.0(27),1016.5,940.1,11.0,,14.5,0.0,0.0,2.0,3.0,23.0,50.0,12.0,,124.0,0.0,0.0,436.0,67.6,12.0,2.0,0.0,12.8,0.0,14.8,18.6,0.0,924.6(09),7.0,01-10-2002,,,,,,,,
3195,,12.0,72.0,0.0,0.0,4.8,947.5(07),1012.7,936.3,10.5,,14.5,0.0,0.0,4.0,5.0,15.0,43.0,16.0,,116.0,2.0,0.0,457.0,148.5,16.0,2.0,0.0,9.0,0.0,14.0,17.5,0.0,911.8(31),12.0,01-10-2003,3.0,,0.0,198.0,8.0,,,
3195,,8.0,66.0,0.0,0.0,5.6,946.5(02),1013.2,937.2,11.5,,17.3,0.0,0.0,3.0,3.0,20.0,50.0,15.0,,116.0,0.0,0.0,648.0,85.1,15.0,0.0,0.0,11.8,0.0,15.6,19.7,0.0,922.9(27),9.0,01-10-2004,0.0,,0.0,181.0,7.0,,,
3195,,12.0,68.0,0.0,0.0,6.0,948.1(03),1016.9,940.7,11.4,,15.2,0.0,0.0,7.0,4.0,12.0,53.0,12.0,,119.0,0.0,0.0,576.0,94.0,13.0,2.0,0.0,13.5,0.0,15.4,19.5,0.0,934.3(30),11.0,01-10-2005,1.0,,0.0,158.0,6.0,,,
3195,,11.0,70.0,0.0,0.0,4.7,950.1(28),1014.7,939.1,13.1,,16.2,0.0,0.0,4.0,5.0,16.0,42.0,12.0,,134.0,0.0,0.0,620.0,119.0,13.0,1.0,0.0,14.6,0.0,16.9,20.5,0.0,927.9(18),8.0,01-10-2006,1.0,,0.0,179.0,7.0,,,
3195,,6.0,,0.0,0.0,,948.4(09),1018.4,941.9,10.6,,14.8,0.0,0.0,15.0,1.0,10.0,,7.0,,111.0,1.0,0.0,617.0,53.9,7.0,1.0,0.0,13.8,0.0,15.0,19.3,0.0,933.0(24),5.0,01-10-2007,0.0,,0.0,146.0,6.0,,,
3195,,11.0,,0.0,1.0,,950.2(25),1017.7,941.2,10.3,,14.9,0.0,0.0,7.0,4.0,13.0,,15.0,,109.0,0.0,0.0,609.0,99.1,15.0,2.0,0.0,10.0,0.0,14.6,18.9,0.0,915.6(31),9.0,01-10-2008,,,,174.0,,,,
3195,,4.0,,0.0,0.0,,949.5(31),1016.2,940.5,12.2,,17.0,0.0,0.0,13.0,2.0,14.0,,4.0,,125.0,0.0,0.0,829.0,37.2,4.0,0.0,0.0,13.4,0.0,17.3,22.4,0.0,919.2(22),3.0,01-10-2009,1.0,,0.0,142.0,6.0,,,
3195,,6.0,,0.0,0.0,,949.8(27),1012.9,936.6,9.3,,15.7,0.0,0.0,13.0,1.0,12.0,,7.0,,102.0,0.0,0.0,698.0,58.1,8.0,1.0,0.0,10.8,0.0,14.1,18.9,0.0,922.4(31),6.0,01-10-2010,1.0,,0.0,145.0,5.0,,,
3195,,3.0,,0.0,0.0,,950.6(10),1018.4,942.5,12.0,,17.0,0.0,0.0,20.0,1.0,8.0,,4.0,,104.0,0.0,0.0,1060.0,29.6,4.0,1.0,0.0,14.4,0.0,17.2,22.3,0.0,922.3(24),4.0,01-10-2011,1.0,,0.0,155.0,6.0,,,
3195,,8.0,,0.0,0.0,,946.1(02),1013.0,936.9,10.6,,16.6,0.0,0.0,7.0,1.0,16.0,,10.0,,117.0,0.0,0.0,617.0,44.0,10.0,0.0,0.0,8.5,0.0,15.0,19.2,0.0,921.7(30),7.0,01-10-2012,0.0,,0.0,130.0,6.0,,,
3195,,7.0,,0.0,0.0,,948.7(27),1017.1,941.1,12.2,,17.6,0.0,0.0,6.0,1.0,18.0,,7.0,,129.0,0.0,0.0,619.0,43.2,7.0,0.0,0.0,14.6,0.0,16.5,20.7,0.0,932.6(22),6.0,01-10-2013,0.0,,0.0,148.0,5.0,,,
3195,,6.0,,0.0,0.0,,949.8(21),1016.6,941.1,13.7,,16.6,0.0,0.0,6.0,3.0,19.0,,7.0,,132.0,1.0,0.0,785.0,71.9,7.0,1.0,0.0,15.8,0.0,18.2,22.6,0.0,926.6(11),6.0,01-10-2014,1.0,,0.0,142.0,5.0,,,
3195,,12.0,68.0,0.0,0.0,,946.0(22),1015.0,939.0,11.6,,16.7,0.0,0.0,5.0,2.0,14.0,,12.0,,122.0,0.0,0.0,699.0,60.6,12.0,0.0,0.0,15.3,0.0,15.8,20.0,0.0,931.5(11),7.0,01-10-2015,0.0,,0.0,135.0,6.0,,,
3195,,9.0,65.0,0.0,2.0,,953.3(28),1015.6,939.9,12.6,,16.2,0.0,0.0,5.0,3.0,17.0,,13.0,,124.0,0.0,0.0,780.0,75.4,13.0,0.0,0.0,14.4,0.0,17.0,21.4,0.0,925.4(13),10.0,01-10-2016,0.0,,0.0,90.0,3.0,,,
3195,,2.0,52.0,0.0,1.0,,952.4(27),1020.6,944.9,13.4,,17.8,0.0,0.0,22.0,1.0,7.0,,2.0,,111.0,0.0,0.0,1123.0,24.7,2.0,0.0,0.0,14.9,0.0,18.7,24.0,0.0,934.1(18),2.0,01-10-2017,0.0,,0.0,99.0,4.0,,,
3195,,6.0,62.0,0.0,0.0,,949.8(23),1014.2,938.1,11.2,,15.8,0.0,0.0,10.0,1.0,15.0,,15.0,,108.0,0.0,0.0,738.0,57.3,15.0,1.0,0.0,9.0,0.0,15.5,19.6,0.0,923.4(30),10.0,01-10-2018,0.0,,0.0,153.0,7.0,,,
3195,,4.0,56.0,0.0,0.0,,947.5(31),1016.5,940.5,11.6,,16.0,0.0,0.0,8.0,2.0,19.0,,10.0,,104.0,0.0,0.0,735.0,42.6,10.0,0.0,0.0,10.2,0.0,16.2,20.7,0.0,928.2(19),6.0,01-10-2019,1.0,,0.0,128.0,5.0,,,
3195,,,61.0,0.0,0.0,,,,,9.2,,14.5,0.0,,,1.0,,,7.0,,99.0,0.0,,,59.2,7.0,0.0,0.0,12.9,0.0,13.8,18.3,,,7.0,01-10-2020,,,,,,,,
3195,,6.0,58.0,0.0,0.0,,949.2(19),1017.5,941.5,11.7,,14.7,0.0,,12.0,3.0,13.0,,5.0,,109.0,2.0,,,133.0,5.0,0.0,0.0,14.8,0.0,16.4,21.0,,927.7(30),5.0,01-10-2021,,,,,,,,
3195,,13.0,59.0,0.0,0.0,,950.4(02),1018.5,942.9,14.1,,17.5,0.0,,7.0,0.0,11.0,,10.0,,122.0,0.0,,,27.8,10.0,0.0,0.0,16.1,0.0,18.5,22.9,,934.9(22),7.0,01-10-2022,,,,,6.0,,,
3195,,9.0,64.0,,,,950.5(04),1014.2,938.8,13.7,,18.2,2.0,,7.0,,15.0,,,,124.0,,,,,,,0.0,12.6,,17.7,21.8,,914.4(19),,01-10-2023,,,,,8.0,,,
3195,,11.0,,,,,,,,12.2,,17.6,0.0,,2.0,4.0,17.0,,14.0,,,0.0,,,107.2,,,0.0,13.1,,15.9,19.6,,,10.0,01-10-2024,,,,,8.0,,,
3195,,5.0,61.0,0.0,0.0,6.0,950.7(01),1021.8,943.2,3.9,,11.6,0.0,0.0,13.0,0.0,12.0,60.0,7.0,,68.0,0.0,0.0,495.0,12.4,6.0,0.0,1.0,6.6,1.0,8.1,12.3,0.0,933.3(11),4.0,01-11-2001,4.0,,0.0,168.0,6.0,,,
3195,,9.0,81.0,0.0,5.0,3.2,951.1(30),1014.9,937.3,6.7,,12.2,0.0,0.0,1.0,4.0,20.0,32.0,17.0,,99.0,0.0,3.0,282.0,90.9,17.0,0.0,0.0,7.6,0.0,9.9,13.1,0.0,912.7(14),13.0,01-11-2002,,,,,,,,
3195,,10.0,77.0,0.0,1.0,3.9,949.7(04),1016.6,939.0,7.1,,9.8,0.0,0.0,6.0,3.0,14.0,39.0,8.0,,99.0,0.0,0.0,280.0,79.7,8.0,0.0,0.0,9.2,0.0,10.4,13.6,0.0,916.2(01),8.0,01-11-2003,1.0,,0.0,175.0,7.0,,,
3195,,3.0,72.0,0.0,1.0,6.6,951.5(17),1021.0,942.7,5.0,,10.6,0.0,0.0,14.0,1.0,13.0,66.0,6.0,,84.0,0.0,0.0,370.0,17.3,6.0,0.0,0.0,9.1,0.0,9.2,13.2,0.0,926.9(30),2.0,01-11-2004,2.0,,0.0,144.0,5.0,,,
3195,,7.0,72.0,0.0,3.0,4.2,953.5(05),1018.1,939.9,5.3,,10.4,0.0,0.0,4.0,1.0,19.0,43.0,7.0,,82.0,1.0,2.0,339.0,50.0,8.0,0.0,0.0,6.8,0.0,8.6,11.9,0.0,923.8(25),5.0,01-11-2005,0.0,,0.0,164.0,6.0,,,
3195,,13.0,82.0,0.0,1.0,3.9,952.8(11),1020.7,943.2,9.1,,13.2,0.0,0.0,5.0,5.0,12.0,39.0,13.0,,115.0,1.0,0.0,241.0,133.7,13.0,0.0,0.0,11.0,0.0,11.9,14.6,0.0,924.3(15),10.0,01-11-2006,1.0,,0.0,162.0,7.0,,,
3195,,3.0,58.0,0.0,0.0,,951.0(07),1019.5,941.3,4.3,,7.6,0.0,0.0,19.0,2.0,8.0,,2.0,,68.0,0.0,0.0,560.0,43.9,2.0,0.0,2.0,6.6,0.0,9.1,13.8,0.0,925.4(20),2.0,01-11-2007,1.0,,0.0,126.0,5.0,,,
3195,,3.0,,0.0,0.0,,952.4(09),1018.4,940.0,3.9,,7.3,0.0,0.0,12.0,0.0,15.0,,4.0,,75.0,0.0,0.0,495.0,7.7,3.0,0.0,2.0,5.8,1.0,7.9,11.9,0.0,918.4(29),1.0,01-11-2008,,,,,6.0,,,
3195,,6.0,,0.0,0.0,,953.7(23),1019.1,940.7,7.5,,13.0,0.0,0.0,6.0,0.0,18.0,,4.0,,96.0,0.0,0.0,490.0,12.6,4.0,0.0,0.0,8.6,0.0,11.5,15.4,0.0,926.0(29),2.0,01-11-2009,2.0,,0.0,164.0,7.0,,,
3195,,8.0,,0.0,1.0,,951.7(04),1013.6,935.7,5.4,,11.3,0.0,0.0,4.0,0.0,18.0,,9.0,,83.0,0.0,0.0,398.0,28.2,8.0,0.0,2.0,2.5,1.0,8.7,11.9,0.0,914.3(09),7.0,01-11-2010,1.0,,0.0,160.0,7.0,,,
3195,,12.0,,0.0,0.0,,953.1(26),1017.3,939.8,8.2,,13.0,0.0,0.0,4.0,1.0,14.0,,13.0,,103.0,0.0,0.0,314.0,65.3,13.0,0.0,0.0,10.8,0.0,11.2,14.1,0.0,919.8(04),9.0,01-11-2011,,,,,5.0,,,
3195,,11.0,,0.0,0.0,,948.5(07),1015.4,937.8,6.9,,11.6,0.0,0.0,2.0,3.0,16.0,,10.0,,95.0,0.0,0.0,367.0,63.1,11.0,0.0,0.0,7.6,0.0,9.9,12.9,0.0,926.1(01),8.0,01-11-2012,0.0,,0.0,170.0,6.0,,,
3195,,4.0,,0.0,0.0,,950.1(29),1020.0,941.8,5.1,,14.1,0.0,0.0,13.0,1.0,13.0,,4.0,,83.0,0.0,0.0,547.0,13.7,4.0,0.0,3.0,6.5,0.0,9.2,13.3,0.0,929.8(18),3.0,01-11-2013,1.0,,0.0,194.0,7.0,,,
3195,,8.0,,0.0,0.0,,947.0(01),1010.6,933.7,8.1,,13.0,0.0,0.0,0.0,3.0,22.0,,18.0,,104.0,0.0,0.0,346.0,73.9,18.0,0.0,0.0,10.4,0.0,11.2,14.3,0.0,910.4(28),13.0,01-11-2014,1.0,,0.0,162.0,7.0,,,
3195,,4.0,70.0,0.0,0.0,,957.8(30),1024.9,947.1,7.7,,14.1,0.0,0.0,15.0,2.0,11.0,,5.0,,101.0,0.0,0.0,489.0,30.5,5.0,0.0,0.0,9.0,0.0,12.1,16.6,0.0,932.6(02),2.0,01-11-2015,1.0,,0.0,101.0,4.0,,,
3195,,10.0,75.0,0.0,0.0,,951.1(15),1016.7,939.0,6.2,,11.8,0.0,0.0,8.0,5.0,12.0,,14.0,,93.0,0.0,0.0,342.0,95.7,14.0,0.0,0.0,5.9,0.0,9.7,13.2,0.0,924.2(21),10.0,01-11-2016,0.0,,0.0,91.0,4.0,,,
3195,,3.0,60.0,0.0,0.0,,952.2(26),1020.9,942.8,5.8,,12.5,0.0,0.0,15.0,0.0,12.0,,5.0,,77.0,0.0,0.0,565.0,9.0,5.0,0.0,0.0,8.4,0.0,10.3,14.6,0.0,930.1(29),2.0,01-11-2017,0.0,,0.0,77.0,3.0,,,
3195,,12.0,78.0,0.0,0.0,,947.8(14),1015.6,938.0,7.3,,12.1,0.0,0.0,1.0,2.0,17.0,,17.0,,98.0,0.0,0.0,273.0,70.4,17.0,0.0,0.0,9.2,0.0,10.4,13.4,0.0,923.6(20),15.0,01-11-2018,1.0,,0.0,145.0,6.0,,,
3195,,12.0,67.0,0.0,0.0,,945.9(01),1012.6,935.1,6.6,,14.3,0.0,0.0,0.0,0.0,18.0,,17.0,,83.0,0.0,0.0,380.0,44.0,17.0,0.0,0.0,7.8,0.0,9.6,12.6,0.0,916.0(22),12.0,01-11-2019,2.0,,0.0,214.0,10.0,,,
3195,,,79.0,0.0,3.0,,954.4(19),,,8.1,,11.5,0.0,,,2.0,,,11.0,,107.0,0.0,,,60.6,11.0,0.0,0.0,10.8,0.0,11.2,14.3,,928.8(28),9.0,01-11-2020,,,,,,,,
3195,,4.0,65.0,0.0,0.0,,948.9(19),1017.0,938.9,5.1,,10.5,0.0,,12.0,2.0,14.0,,4.0,,75.0,0.0,,,23.8,4.0,0.0,0.0,6.7,0.0,8.9,12.7,,927.9(27),2.0,01-11-2021,,,,,,,,
3195,,10.0,,0.0,0.0,,,,,,,,,,2.0,0.0,18.0,,16.0,,,0.0,,,45.4,16.0,0.0,,,0.0,,,,,10.0,01-11-2022,,,,,,,,
3195,,7.0,80.0,,,,950.6(18),1018.1,940.7,7.9,,12.1,0.0,,7.0,,16.0,,,,110.0,,,,,,,0.0,10.1,,11.3,14.6,,922.0(04),,01-11-2023,2.0,,0.0,177.0,8.0,,,
3195,,8.0,,0.0,0.0,,951.2(30),1020.5,943.2,9.0,,13.3,0.0,,6.0,0.0,16.0,,6.0,,111.0,0.0,,,10.0,6.0,0.0,0.0,10.4,0.0,12.5,15.9,,934.9(22),2.0,01-11-2024,0.0,,0.0,139.0,6.0,,,
3195,,8.0,70.0,0.0,6.0,4.9,953.0(05),1023.4,943.5,0.5,,5.8,0.0,0.0,14.0,0.0,9.0,52.0,4.0,,60.0,0.0,4.0,296.0,18.0,2.0,0.0,13.0,2.5,2.0,4.2,7.9,0.0,931.1(23),4.0,01-12-2001,0.0,,0.0,124.0,5.0,,,
3195,,12.0,83.0,0.0,2.0,3.0,949.4(01),1018.6,940.3,6.1,,11.4,0.0,0.0,2.0,1.0,17.0,31.0,15.0,,95.0,0.0,1.0,260.0,62.8,16.0,0.0,0.0,6.6,0.0,8.7,11.2,0.0,924.7(27),10.0,01-12-2002,,,,,,,,
3195,,6.0,77.0,0.0,3.0,3.8,953.3(23),1020.5,941.6,3.4,,8.2,0.0,0.0,7.0,1.0,18.0,41.0,9.0,,77.0,0.0,1.0,266.0,44.0,9.0,0.0,1.0,6.8,0.0,6.8,10.1,1.0,927.0(01),7.0,01-12-2003,1.0,,0.0,166.0,6.0,,,
3195,,5.0,71.0,0.0,0.0,4.4,953.1(30),1020.9,942.1,3.9,,9.2,0.0,0.0,7.0,1.0,19.0,47.0,4.0,,75.0,0.0,0.0,420.0,14.1,3.0,0.0,2.0,5.6,1.0,7.4,10.8,0.0,918.6(01),2.0,01-12-2004,2.0,,0.0,206.0,8.0,,,
3195,,5.0,67.0,0.0,1.0,5.6,952.7(22),1020.7,941.6,2.6,,8.1,0.0,0.0,9.0,1.0,17.0,60.0,3.0,,66.0,0.0,0.0,517.0,24.6,4.0,0.0,9.0,6.7,0.0,6.2,9.7,0.0,928.0(27),3.0,01-12-2005,3.0,,0.0,178.0,7.0,,,
3195,,8.0,70.0,0.0,2.0,4.9,961.9(31),1027.7,948.2,3.3,,9.5,0.0,0.0,11.0,2.0,12.0,52.0,5.0,,71.0,0.0,0.0,332.0,27.5,7.0,0.0,3.0,6.9,1.0,6.6,9.8,0.0,931.0(08),3.0,01-12-2006,2.0,,0.0,123.0,5.0,,,
3195,,6.0,,0.0,2.0,,953.3(06),1025.7,946.2,2.8,,7.3,0.0,0.0,9.0,1.0,16.0,,4.0,,73.0,0.0,0.0,286.0,15.1,6.0,0.0,3.0,6.2,0.0,6.3,9.9,0.0,937.3(17),2.0,01-12-2007,0.0,,0.0,129.0,4.0,,,
3195,,11.0,72.0,0.0,2.0,,958.1(20),1019.2,940.2,2.7,,8.8,0.0,0.0,9.0,1.0,11.0,,7.0,,69.0,0.0,2.0,334.0,45.3,6.0,0.0,5.0,4.3,2.0,6.3,9.9,0.0,921.6(14),6.0,01-12-2008,,,,,6.0,,,
3195,,10.0,,0.0,1.0,,949.4(09),1012.0,933.7,3.0,,10.4,0.0,0.0,4.0,4.0,17.0,,19.0,,80.0,0.0,0.0,224.0,129.2,15.0,0.0,7.0,1.4,4.0,6.2,9.3,0.0,911.2(24),13.0,01-12-2009,,,,,7.0,,,
3195,,12.0,,0.0,1.0,,950.2(10),1014.3,935.7,3.1,,9.9,0.0,0.0,7.0,3.0,12.0,,14.0,,76.0,0.0,0.0,286.0,78.4,15.0,0.0,10.0,4.6,0.0,6.2,9.3,0.0,915.2(22),10.0,01-12-2010,1.0,,0.0,149.0,6.0,,,
3195,,5.0,,0.0,2.0,,957.0(26),1027.8,948.3,3.1,,6.8,0.0,0.0,8.0,0.0,15.0,,4.0,,72.0,0.0,0.0,,5.4,4.0,0.0,2.0,4.6,0.0,6.9,10.8,0.0,939.8(16),2.0,01-12-2011,,,,,5.0,,,
3195,,14.0,,0.0,2.0,,955.6(28),1022.9,943.8,3.7,,9.6,0.0,0.0,7.0,0.0,10.0,,6.0,,79.0,0.0,0.0,361.0,9.9,8.0,0.0,5.0,4.2,0.0,6.8,9.9,0.0,930.4(01),4.0,01-12-2012,0.0,,0.0,128.0,4.0,,,
3195,,9.0,,0.0,1.0,,955.2(15),1025.6,946.1,2.3,,7.6,0.0,0.0,17.0,2.0,5.0,,6.0,,68.0,0.0,0.0,390.0,52.6,8.0,0.0,4.0,7.0,0.0,6.3,10.3,0.0,921.5(25),6.0,01-12-2013,2.0,,0.0,161.0,5.0,,,
3195,,3.0,,0.0,0.0,,956.0(29),1024.9,945.7,3.2,,8.0,0.0,0.0,14.0,1.0,14.0,,3.0,,72.0,0.0,0.0,418.0,22.8,3.0,0.0,2.0,8.8,0.0,7.3,11.3,0.0,926.3(01),2.0,01-12-2014,2.0,,0.0,121.0,4.0,,,
3195,,7.0,73.0,0.0,0.0,,,,,6.0,,9.2,0.0,0.0,5.0,0.0,17.0,,4.0,,88.0,0.0,0.0,351.0,4.1,4.0,0.0,0.0,10.0,0.0,9.9,13.6,0.0,,1.0,01-12-2015,0.0,,0.0,69.0,3.0,8.2,8.0,9.7
3195,,7.0,77.0,0.0,4.0,,967.3(22),1027.5,948.4,5.0,,9.6,0.0,0.0,10.0,1.0,14.0,,5.0,,85.0,0.0,2.0,312.0,29.8,5.0,0.0,2.0,3.3,0.0,8.3,11.6,0.0,933.8(03),5.0,01-12-2016,0.0,,0.0,78.0,3.0,,,
3195,,4.0,69.0,0.0,0.0,,958.8(21),1024.9,946.0,2.9,,8.7,0.0,0.0,10.0,1.0,17.0,,4.0,,71.0,0.0,0.0,454.0,17.4,4.0,0.0,5.0,5.6,0.0,6.8,10.7,0.0,917.1(11),3.0,01-12-2017,1.0,,0.0,132.0,5.0,,,
3195,,6.0,76.0,0.0,3.0,,961.9(24),1027.3,948.2,4.1,,6.9,0.0,0.0,7.0,0.0,18.0,,5.0,,80.0,0.0,3.0,278.0,11.4,5.0,0.0,0.0,8.0,0.0,7.8,11.5,0.0,931.0(13),2.0,01-12-2018,0.0,,0.0,73.0,4.0,,,
3195,,10.0,67.0,0.0,2.0,,954.2(31),1020.4,941.9,5.6,,10.7,0.0,0.0,5.0,3.0,13.0,,12.0,,75.0,1.0,1.0,488.0,90.1,12.0,0.0,0.0,7.0,0.0,8.8,12.0,0.0,921.8(20),9.0,01-12-2019,4.0,,0.0,179.0,7.0,,,
3195,,,74.0,0.0,0.0,,952.0(21),,,4.3,,11.9,0.0,,,0.0,,,17.0,,78.0,0.0,,,19.6,17.0,0.0,3.0,6.9,0.0,7.2,10.1,,919.3(04),7.0,01-12-2020,,,,,,,,
3195,,9.0,75.0,0.0,1.0,,951.1(31),1020.9,942.6,5.6,,10.1,0.0,,9.0,1.0,12.0,,7.0,,88.0,0.0,,,34.1,7.0,0.0,0.0,9.4,0.0,9.1,12.6,,928.5(25),6.0,01-12-2021,,,,,,,,
3195,,20.0,88.0,0.0,0.0,,954.3(27),1016.5,938.7,6.9,,11.5,0.0,,3.0,7.0,8.0,,16.0,,105.0,0.0,,,145.4,16.0,1.0,0.0,7.9,0.0,9.4,11.8,,921.9(09),13.0,01-12-2022,0.0,,0.0,142.0,6.0,,,
3195,,9.0,77.0,0.0,0.0,,958.5(17),1025.0,945.8,3.5,,10.4,0.0,,12.0,1.0,10.0,,4.0,,78.0,0.0,,,17.9,4.0,0.0,1.0,7.1,0.0,7.1,10.6,,920.2(01),2.0,01-12-2023,0.0,,0.0,126.0,5.0,,,
3195,,4.0,70.0,,,,960.0(16),1026.9,947.7,3.6,,9.5,0.0,,11.0,0.0,16.0,,4.0,,74.0,0.0,,,1.4,,,0.0,7.1,,7.7,11.7,,937.7(11),0.0,01-12-2024,0.0,,0.0,129.0,6.0,,,
